OBJECTID,INDEX,ACCNUM,DATE,TIME,STREET1,STREET2,OFFSET,ROAD_CLASS,DISTRICT,LATITUDE,LONGITUDE,ACCLOC,TRAFFCTL,VISIBILITY,LIGHT,RDSFCOND,ACCLASS,IMPACTYPE,INVTYPE,INVAGE,INJURY,FATAL_NO,INITDIR,VEHTYPE,MANOEUVER,DRIVACT,DRIVCOND,PEDTYPE,PEDACT,PEDCOND,CYCLISTYPE,CYCACT,CYCCOND,PEDESTRIAN,CYCLIST,AUTOMOBILE,MOTORCYCLE,TRUCK,TRSN_CITY_VEH,EMERG_VEH,PASSENGER,SPEEDING,AG_DRIV,REDLIGHT,ALCOHOL,DISABILITY,HOOD_158,NEIGHBOURHOOD_158,HOOD_140,NEIGHBOURHOOD_140,DIVISION,x,y
401,5272001,1118994,8/16/2009 4:00:00 AM,1455,YONGE ST,CHAPLIN CRES,,Major Arterial,Toronto and East York,43.698245,-79.39659,,Traffic Signal,Clear,Daylight,Dry,Non-Fatal Injury,Pedestrian Collisions,Cyclist,30 to 34,Minimal,,South,Bicycle,Going Ahead,,,,,,Cyclist strikes pedestrian.,Driving Properly,Normal,Yes,Yes,,,,,,,,,,,,174,South Eglinton-Davisville,104,Mount Pleasant West (104),D53,629202.780831833,4839606.65790533
402,5289851,1126624,8/16/2009 4:00:00 AM,2040,4660 KINGSTON Road,,,Major Arterial,Scarborough,43.775445,-79.17509,,No Control,Clear,Dark,Dry,Non-Fatal Injury,Cyclist Collisions,Driver,unknown,None,,South,"Automobile, Station Wagon",Going Ahead,Failed to Yield Right of Way,Unknown,,,,,,,,Yes,Yes,,,,,,,Yes,,,,136,West Hill,136,West Hill (136),D43,646862.608300788,4848549.91749673
403,5289852,1126624,8/16/2009 4:00:00 AM,2040,4660 KINGSTON Road,,,Major Arterial,Scarborough,43.775445,-79.17509,,No Control,Clear,Dark,Dry,Non-Fatal Injury,Cyclist Collisions,Cyclist,55 to 59,Major,,East,Bicycle,Going Ahead,,,,,,"Motorist without ROW drives into path of cyclist at inter, lnwy, dwy-Driver not turn.",Driving Properly,Unknown,,Yes,Yes,,,,,,,Yes,,,,136,West Hill,136,West Hill (136),D43,646862.608300788,4848549.91749673
404,5284374,1124210,8/17/2009 4:00:00 AM,745,YONGE ST,MILL ST,,Major Arterial,North York,43.740345,-79.40589,At Intersection,Traffic Signal,Clear,Daylight,Dry,Non-Fatal Injury,SMV Other,Moped Driver,55 to 59,Major,,North,Moped,Going Ahead,Lost control,Normal,,,,,,,,Yes,,,,,,,,,,,,41,Bridle Path-Sunnybrook-York Mills,41,Bridle Path-Sunnybrook-York Mills (41),D32,628363.445956083,4844268.01426708
405,5279428,1122151,9/1/2009 4:00:00 AM,1024,MC CAUL St,ORDE St,,Collector,Toronto and East York,43.658445,-79.39319,At Intersection,No Control,Clear,Daylight,Dry,Non-Fatal Injury,Cyclist Collisions,Driver,40 to 44,None,,North,"Automobile, Station Wagon",Going Ahead,Driving Properly,Normal,,,,,,,,Yes,Yes,,,,,,,,,,,78,Kensington-Chinatown,78,Kensington-Chinatown (78),D52,629562.388914304,4835191.63102859
406,5279429,1122151,9/1/2009 4:00:00 AM,1024,MC CAUL St,ORDE St,,Collector,Toronto and East York,43.658445,-79.39319,At Intersection,No Control,Clear,Daylight,Dry,Non-Fatal Injury,Cyclist Collisions,Driver,65 to 69,None,,North,"Automobile, Station Wagon",Parked,Other,Inattentive,,,,,,,,Yes,Yes,,,,,,,,,,,78,Kensington-Chinatown,78,Kensington-Chinatown (78),D52,629562.388914304,4835191.63102859
407,5279430,1122151,9/1/2009 4:00:00 AM,1024,MC CAUL St,ORDE St,,Collector,Toronto and East York,43.658445,-79.39319,At Intersection,No Control,Clear,Daylight,Dry,Non-Fatal Injury,Cyclist Collisions,Cyclist,30 to 34,Major,,North,Bicycle,Going Ahead,,,,,,Cyclist struck opened vehicle door,Driving Properly,Normal,,Yes,Yes,,,,,,,,,,,78,Kensington-Chinatown,78,Kensington-Chinatown (78),D52,629562.388914304,4835191.63102859
408,5807803,1122417,9/1/2009 4:00:00 AM,1203,SPADINA AVE,NASSAU ST,,Major Arterial,Toronto and East York,43.655845,-79.39919,,Traffic Signal,Clear,Daylight,Dry,Fatal,Cyclist Collisions,Driver,45 to 49,None,,South,Municipal Transit Bus (TTC),Going Ahead,Driving Properly,Unknown,,,,,,,,Yes,,,,Yes,,,,,,,,78,Kensington-Chinatown,78,Kensington-Chinatown (78),D52,629084.155208051,4834893.5150828
409,5807804,1122417,9/1/2009 4:00:00 AM,1203,SPADINA AVE,NASSAU ST,,Major Arterial,Toronto and East York,43.655845,-79.39919,,Traffic Signal,Clear,Daylight,Dry,Fatal,Cyclist Collisions,Cyclist,65 to 69,Fatal,25,South,Bicycle,Turning Left,,,,,,Cyclist turned left across motorists path.,Disobeyed Traffic Control,Normal,,Yes,,,,Yes,,,,,,,,78,Kensington-Chinatown,78,Kensington-Chinatown (78),D52,629084.155208051,4834893.5150828
410,5293332,1128125,9/1/2009 4:00:00 AM,1440,UNIVERSITY AVE,COLLEGE ST,,Major Arterial,Toronto and East York,43.659845,-79.39049,At Intersection,Traffic Signal,Clear,Daylight,Dry,Non-Fatal Injury,Cyclist Collisions,Driver,25 to 29,Minimal,,South,"Automobile, Station Wagon",Going Ahead,Driving Properly,Normal,,,,,,,,Yes,Yes,,,,,,,,,,,78,Kensington-Chinatown,78,Kensington-Chinatown (78),D52,629777.084856389,4835351.33924083
411,5293333,1128125,9/1/2009 4:00:00 AM,1440,UNIVERSITY AVE,COLLEGE ST,,Major Arterial,Toronto and East York,43.659845,-79.39049,At Intersection,Traffic Signal,Clear,Daylight,Dry,Non-Fatal Injury,Cyclist Collisions,Cyclist,45 to 49,Major,,East,Bicycle,Going Ahead,,,,,,"Cyclist without ROW rides into path of motorist at inter, lnwy, dwy-Cyclist not turn.",Disobeyed Traffic Control,Inattentive,,Yes,Yes,,,,,,,,,,,78,Kensington-Chinatown,78,Kensington-Chinatown (78),D52,629777.084856389,4835351.33924083
412,5294946,1128823,9/11/2009 4:00:00 AM,1132,CASTLEFIELD AVE,WOODBOROUGH AVE,,Collector,Etobicoke York,43.696345,-79.46869,At Intersection,No Control,Clear,Daylight,Dry,Non-Fatal Injury,Cyclist Collisions,Driver,75 to 79,None,,West,"Automobile, Station Wagon",Turning Left,Improper Turn,Inattentive,,,,,,,,Yes,Yes,,,,,,,,,,,112,Beechborough-Greenbrook,112,Beechborough-Greenbrook (112),D12,623396.806882529,4839285.80925477
413,5294947,1128823,9/11/2009 4:00:00 AM,1132,CASTLEFIELD AVE,WOODBOROUGH AVE,,Collector,Etobicoke York,43.696345,-79.46869,At Intersection,No Control,Clear,Daylight,Dry,Non-Fatal Injury,Cyclist Collisions,Cyclist,55 to 59,Major,,East,Bicycle,Going Ahead,,,,,,Motorist turned left across cyclists path.,Driving Properly,Normal,,Yes,Yes,,,,,,,,,,,112,Beechborough-Greenbrook,112,Beechborough-Greenbrook (112),D12,623396.806882529,4839285.80925477
414,5285163,1124595,9/14/2009 4:00:00 AM,2103,KINGSTON RD,CLIFFSIDE DR,,Major Arterial,Scarborough,43.703945,-79.25279,At Intersection,Traffic Signal,Clear,Dark,Dry,Non-Fatal Injury,Cyclist Collisions,Driver,30 to 34,Minor,,West,"Automobile, Station Wagon",Going Ahead,Driving Properly,Normal,,,,,,,,Yes,Yes,,,,,Yes,,,,,,122,Birchcliffe-Cliffside,122,Birchcliffe-Cliffside (122),D41,640776.977929031,4840473.86617129
415,5285164,1124595,9/14/2009 4:00:00 AM,2103,KINGSTON RD,CLIFFSIDE DR,,Major Arterial,Scarborough,43.703945,-79.25279,At Intersection,Traffic Signal,Clear,Dark,Dry,Non-Fatal Injury,Cyclist Collisions,Passenger,50 to 54,Minor,,,Other,Other,,,,,,,,,,Yes,Yes,,,,,Yes,,,,,,122,Birchcliffe-Cliffside,122,Birchcliffe-Cliffside (122),D41,640776.977929031,4840473.86617129
416,5285165,1124595,9/14/2009 4:00:00 AM,2103,KINGSTON RD,CLIFFSIDE DR,,Major Arterial,Scarborough,43.703945,-79.25279,At Intersection,Traffic Signal,Clear,Dark,Dry,Non-Fatal Injury,Cyclist Collisions,Cyclist,45 to 49,Major,,,Bicycle,Going Ahead,,,,,,"Cyclist without ROW rides into path of motorist at inter, lnwy, dwy-Cyclist not turn.",Disobeyed Traffic Control,"Ability Impaired, Alcohol Over .80",,Yes,Yes,,,,,Yes,,,,,,122,Birchcliffe-Cliffside,122,Birchcliffe-Cliffside (122),D41,640776.977929031,4840473.86617129
417,5302050,1132051,9/24/2009 4:00:00 AM,1010,CHURCH ST,GOULD ST,,Minor Arterial,Toronto and East York,43.658745,-79.37809,,No Control,Clear,Daylight,Dry,Non-Fatal Injury,Cyclist Collisions,Driver,unknown,None,,South,"Automobile, Station Wagon",Parked,Other,Inattentive,,,,,,,,Yes,Yes,,,,,,,,,,,168,Downtown Yonge East,75,Church-Yonge Corridor (75),D51,630779.313232634,4835248.63989844
418,5302051,1132051,9/24/2009 4:00:00 AM,1010,CHURCH ST,GOULD ST,,Minor Arterial,Toronto and East York,43.658745,-79.37809,,No Control,Clear,Daylight,Dry,Non-Fatal Injury,Cyclist Collisions,Cyclist,20 to 24,Major,,South,Bicycle,Slowing or Stopping,,,,,,Cyclist struck opened vehicle door,Driving Properly,Normal,,Yes,Yes,,,,,,,,,,,168,Downtown Yonge East,75,Church-Yonge Corridor (75),D51,630779.313232634,4835248.63989844
419,5301961,1131978,9/24/2009 4:00:00 AM,1730,DUPONT ST,OSLER ST,,Major Arterial,Toronto and East York,43.664545,-79.45659,,No Control,Clear,Daylight,Dry,Non-Fatal Injury,Cyclist Collisions,Driver,35 to 39,None,,East,"Automobile, Station Wagon",Turning Left,Improper Turn,Normal,,,,,,,,Yes,Yes,,,,,,,,,,,171,Junction-Wallace Emerson,93,Dovercourt-Wallace Emerson-Junction (93),D11,624437.586001962,4835772.06956748
420,5301962,1131978,9/24/2009 4:00:00 AM,1730,DUPONT ST,OSLER ST,,Major Arterial,Toronto and East York,43.664545,-79.45659,,No Control,Clear,Daylight,Dry,Non-Fatal Injury,Cyclist Collisions,Cyclist,30 to 34,Major,,West,Bicycle,Going Ahead,,,,,,Motorist turned left across cyclists path.,Driving Properly,Normal,,Yes,Yes,,,,,,,,,,,171,Junction-Wallace Emerson,93,Dovercourt-Wallace Emerson-Junction (93),D11,624437.586001962,4835772.06956748
421,5305045,1134906,10/14/2009 4:00:00 AM,1047,JARVIS ST,ISABELLA ST,,Major Arterial,Toronto and East York,43.668845,-79.37949,At Intersection,Traffic Signal,Clear,Daylight,Dry,Non-Fatal Injury,Turning Movement,Moped Driver,35 to 39,Major,,North,"Automobile, Station Wagon",Going Ahead,Driving Properly,Normal,,,,,,,,Yes,Yes,,,,,,,,,,,167,Church-Wellesley,75,Church-Yonge Corridor (75),D51,630644.51538617,4836368.17411619
422,5305046,1134906,10/14/2009 4:00:00 AM,1047,JARVIS ST,ISABELLA ST,,Major Arterial,Toronto and East York,43.668845,-79.37949,At Intersection,Traffic Signal,Clear,Daylight,Dry,Non-Fatal Injury,Turning Movement,Driver,40 to 44,None,,South,"Automobile, Station Wagon",Turning Left,Improper Turn,Inattentive,,,,,,,,Yes,Yes,,,,,,,,,,,167,Church-Wellesley,75,Church-Yonge Corridor (75),D51,630644.51538617,4836368.17411619
423,5045945,1135987,10/20/2009 4:00:00 AM,1142,ST CLAIR Aven W,OLD WESTON Road,,Major Arterial,Toronto and East York,43.673045,-79.46499,,Traffic Controller,Clear,Daylight,Dry,Non-Fatal Injury,Cyclist Collisions,Vehicle Owner,unknown,,,,Other,,,,,,,,,,,Yes,,,Yes,,,,,,,,,91,Weston-Pelham Park,91,Weston-Pellam Park (91),D11,623742.861168695,4836703.54223756
424,5045946,1135987,10/20/2009 4:00:00 AM,1142,ST CLAIR Aven W,OLD WESTON Road,,Major Arterial,Toronto and East York,43.673045,-79.46499,,Traffic Controller,Clear,Daylight,Dry,Non-Fatal Injury,Cyclist Collisions,Truck Driver,40 to 44,None,,North,Truck - Open,Stopped,Driving Properly,Normal,,,,,,,,Yes,,,Yes,,,,,,,,,91,Weston-Pelham Park,91,Weston-Pellam Park (91),D11,623742.861168695,4836703.54223756
425,5045947,1135987,10/20/2009 4:00:00 AM,1142,ST CLAIR Aven W,OLD WESTON Road,,Major Arterial,Toronto and East York,43.673045,-79.46499,,Traffic Controller,Clear,Daylight,Dry,Non-Fatal Injury,Cyclist Collisions,Cyclist,35 to 39,Major,,West,Bicycle,Going Ahead,,,,,,"Cyclist loses control and strikes object (pole, ttc track)",Lost control,Normal,,Yes,,,Yes,,,,,,,,,91,Weston-Pelham Park,91,Weston-Pellam Park (91),D11,623742.861168695,4836703.54223756
426,5808638,1139402,11/6/2009 5:00:00 AM,600,3655 KEELE ST,,,Major Arterial,Etobicoke York,43.753045,-79.48839,,No Control,Clear,Dark,Dry,Non-Fatal Injury,Turning Movement,Driver,25 to 29,None,,South,Pick Up Truck,Turning Left,Improper Turn,Normal,,,,,,,,Yes,Yes,,,,,,,,,,,27,York University Heights,27,York University Heights (27),D31,621694.456205171,4845554.01981971
427,5808639,1139402,11/6/2009 5:00:00 AM,600,3655 KEELE ST,,,Major Arterial,Etobicoke York,43.753045,-79.48839,,No Control,Clear,Dark,Dry,Non-Fatal Injury,Turning Movement,Moped Driver,55 to 59,Major,,North,Moped,Going Ahead,Driving Properly,Normal,,,,,,,,Yes,Yes,,,,,,,,,,,27,York University Heights,27,York University Heights (27),D31,621694.456205171,4845554.01981971
428,5863080,1140607,11/6/2009 5:00:00 AM,1033,GROSVENOR ST,BAY ST,,Collector,Toronto and East York,43.662245,-79.38739,,No Control,Clear,Daylight,Dry,Non-Fatal Injury,Sideswipe,Moped Driver,35 to 39,Major,,West,Moped,Overtaking,Improper Passing,Normal,,,,,,,,Yes,Yes,,,,,,,Yes,,,,169,Bay-Cloverhill,76,Bay Street Corridor (76),D52,630021.864065009,4835622.74469244
429,5863081,1140607,11/6/2009 5:00:00 AM,1033,GROSVENOR ST,BAY ST,,Collector,Toronto and East York,43.662245,-79.38739,,No Control,Clear,Daylight,Dry,Non-Fatal Injury,Sideswipe,Driver,55 to 59,None,,West,"Automobile, Station Wagon",Pulling Away from Shoulder or Curb,Failed to Yield Right of Way,Normal,,,,,,,,Yes,Yes,,,,,,,Yes,,,,169,Bay-Cloverhill,76,Bay Street Corridor (76),D52,630021.864065009,4835622.74469244
430,5056222,1140739,11/9/2009 5:00:00 AM,1255,QUEEN Stre W,ST PATRICK Stre,,Major Arterial,Toronto and East York,43.650445,-79.38869,At Intersection,Traffic Signal,Clear,Daylight,Dry,Non-Fatal Injury,Pedestrian Collisions,Pedestrian,35 to 39,Major,,North,Other,,,,Vehicle is going straight thru inter.while ped cross without ROW,Crossing without right of way,Inattentive,,,,Yes,Yes,,,,,,,,,,,,78,Kensington-Chinatown,78,Kensington-Chinatown (78),D52,629942.495889794,4834310.16237848
431,5056223,1140739,11/9/2009 5:00:00 AM,1255,QUEEN Stre W,ST PATRICK Stre,,Major Arterial,Toronto and East York,43.650445,-79.38869,At Intersection,Traffic Signal,Clear,Daylight,Dry,Non-Fatal Injury,Pedestrian Collisions,Cyclist,25 to 29,Minimal,,East,Bicycle,Going Ahead,,,,,,Cyclist strikes pedestrian.,Driving Properly,Normal,Yes,Yes,,,,,,,,,,,,78,Kensington-Chinatown,78,Kensington-Chinatown (78),D52,629942.495889794,4834310.16237848
432,5046640,1136343,11/10/2009 5:00:00 AM,1452,MACDONELL AVE,PEARSON AVE,,Local,Toronto and East York,43.643545,-79.43919,,Stop Sign,Clear,Daylight,Dry,Non-Fatal Injury,Cyclist Collisions,Vehicle Owner,unknown,,,,Other,,,,,,,,,,,Yes,Yes,,,,,,,Yes,,,,86,Roncesvalles,86,Roncesvalles (86),D11,625884.345514402,4833465.99126258
433,5046641,1136343,11/10/2009 5:00:00 AM,1452,MACDONELL AVE,PEARSON AVE,,Local,Toronto and East York,43.643545,-79.43919,,Stop Sign,Clear,Daylight,Dry,Non-Fatal Injury,Cyclist Collisions,Driver,50 to 54,None,,South,"Automobile, Station Wagon",Going Ahead,Failed to Yield Right of Way,Unknown,,,,,,,,Yes,Yes,,,,,,,Yes,,,,86,Roncesvalles,86,Roncesvalles (86),D11,625884.345514402,4833465.99126258
434,5046642,1136343,11/10/2009 5:00:00 AM,1452,MACDONELL AVE,PEARSON AVE,,Local,Toronto and East York,43.643545,-79.43919,,Stop Sign,Clear,Daylight,Dry,Non-Fatal Injury,Cyclist Collisions,Cyclist,25 to 29,Major,,East,Bicycle,Going Ahead,,,,,,"Motorist without ROW drives into path of cyclist at inter, lnwy, dwy-Driver not turn.",Driving Properly,Normal,,Yes,Yes,,,,,,,Yes,,,,86,Roncesvalles,86,Roncesvalles (86),D11,625884.345514402,4833465.99126258
435,5863204,1141576,11/18/2009 5:00:00 AM,1050,COLLEGE Stre,BEVERLEY Stre,,Major Arterial,Toronto and East York,43.658845,-79.39529,,No Control,Clear,Daylight,Dry,Non-Fatal Injury,Cyclist Collisions,Driver,30 to 34,None,,East,"Automobile, Station Wagon",Turning Right,Failed to Yield Right of Way,Inattentive,,,,,,,,Yes,Yes,,,,,,,Yes,,,,79,University,79,University (79),D52,629392.198040047,4835232.77926065
436,5863205,1141576,11/18/2009 5:00:00 AM,1050,COLLEGE Stre,BEVERLEY Stre,,Major Arterial,Toronto and East York,43.658845,-79.39529,,No Control,Clear,Daylight,Dry,Non-Fatal Injury,Cyclist Collisions,Cyclist,30 to 34,Major,,East,Bicycle,Going Ahead,,,,,,"Motorist turns right at non-signal Inter.(stop, yield, no cont.,and dwy) and strikes cyclist.",Driving Properly,Normal,,Yes,Yes,,,,,,,Yes,,,,79,University,79,University (79),D52,629392.198040047,4835232.77926065
437,5065164,1144668,11/21/2009 5:00:00 AM,1740,KENNEDY Rd,PARK St,,Collector,Scarborough,43.710345,-79.25899,,No Control,Clear,Dark,Dry,Non-Fatal Injury,Rear End,Moped Driver,65 to 69,Major,,North,Moped,Going Ahead,Driving Properly,Normal,,,,,,,,Yes,Yes,,,,,,Yes,Yes,,,,122,Birchcliffe-Cliffside,122,Birchcliffe-Cliffside (122),D41,640262.493728373,4841174.16866464
438,5065165,1144668,11/21/2009 5:00:00 AM,1740,KENNEDY Rd,PARK St,,Collector,Scarborough,43.710345,-79.25899,,No Control,Clear,Dark,Dry,Non-Fatal Injury,Rear End,Driver,35 to 39,None,,North,"Automobile, Station Wagon",Going Ahead,Following too Close,Normal,,,,,,,,Yes,Yes,,,,,,Yes,Yes,,,,122,Birchcliffe-Cliffside,122,Birchcliffe-Cliffside (122),D41,640262.493728373,4841174.16866464
439,5795765,1143058,11/26/2009 5:00:00 AM,630,1050 ELLESMERE Rd,,,Major Arterial,Scarborough,43.767445,-79.27329,,No Control,Rain,Dark,Wet,Non-Fatal Injury,Cyclist Collisions,Driver,70 to 74,None,,East,"Automobile, Station Wagon",Going Ahead,Failed to Yield Right of Way,Inattentive,,,,,,,,Yes,Yes,,,,,,,Yes,,,,126,Dorset Park,126,Dorset Park (126),D41,638978.240169854,4847491.88061966
440,5795766,1143058,11/26/2009 5:00:00 AM,630,1050 ELLESMERE Rd,,,Major Arterial,Scarborough,43.767445,-79.27329,,No Control,Rain,Dark,Wet,Non-Fatal Injury,Cyclist Collisions,Cyclist,40 to 44,Major,,East,Bicycle,Going Ahead,,,,,,Cyclist and Driver travelling in same direction. One vehicle rear-ended the other.,Driving Properly,Normal,,Yes,Yes,,,,,,,Yes,,,,126,Dorset Park,126,Dorset Park (126),D41,638978.240169854,4847491.88061966
441,5801019,1146935,11/30/2009 5:00:00 AM,1430,DANFORTH Rd,BIRCHMOUNT Rd,,Minor Arterial,Scarborough,43.707445,-79.26779,,No Control,Clear,Daylight,Dry,Non-Fatal Injury,Cyclist Collisions,Cyclist,55 to 59,Major,,North,Bicycle,Going Ahead,,,,,,"Cyclist loses control and strikes object (pole, ttc track)",Lost control,Unknown,,Yes,,,,,,,,,,,,120,Clairlea-Birchmount,120,Clairlea-Birchmount (120),D41,639560.253833916,4840837.22826526
442,5058639,1141818,12/12/2009 5:00:00 AM,1125,BROWNS LINE,RIMILTON AVE,,Major Arterial,Etobicoke York,43.603845,-79.54619,,No Control,Clear,Daylight,Dry,Non-Fatal Injury,Cyclist Collisions,Cyclist,65 to 69,Major,,South,Bicycle,Going Ahead,,,,,,Cyclist falls off bike - no contact with motorist.,Lost control,Medical or Physical Disability,,Yes,,,,,,,,,,,,20,Alderwood,20,Alderwood (20),D22,617331.580920177,4828900.09387335
443,5059944,1142399,12/15/2009 5:00:00 AM,1943,505 KINGSTON RD,,,Major Arterial,Toronto and East York,43.677545,-79.30259,,No Control,Clear,Dark,Dry,Non-Fatal Injury,Cyclist Collisions,Driver,unknown,None,,Unknown,"Automobile, Station Wagon",Parked,Other,Unknown,,,,,,,,Yes,Yes,,,,,,,,,,,63,The Beaches,62,East End-Danforth (62),D55,636824.443636089,4837458.41173169
444,5059945,1142399,12/15/2009 5:00:00 AM,1943,505 KINGSTON RD,,,Major Arterial,Toronto and East York,43.677545,-79.30259,,No Control,Clear,Dark,Dry,Non-Fatal Injury,Cyclist Collisions,Driver,unknown,None,,West,"Automobile, Station Wagon",Parked,Other,Unknown,,,,,,,,Yes,Yes,,,,,,,,,,,63,The Beaches,62,East End-Danforth (62),D55,636824.443636089,4837458.41173169
445,5059946,1142399,12/15/2009 5:00:00 AM,1943,505 KINGSTON RD,,,Major Arterial,Toronto and East York,43.677545,-79.30259,,No Control,Clear,Dark,Dry,Non-Fatal Injury,Cyclist Collisions,Cyclist,40 to 44,Major,,West,Bicycle,Going Ahead,,,,,,Cyclist strikes a parked vehicle.,Improper Passing,"Ability Impaired, Alcohol",,Yes,Yes,,,,,,,,,,,63,The Beaches,62,East End-Danforth (62),D55,636824.443636089,4837458.41173169
446,5796898,1144508,12/29/2009 5:00:00 AM,1700,SAMMON AVE,DONLANDS AVE,,Minor Arterial,Toronto and East York,43.685845,-79.33939,At Intersection,No Control,Clear,Daylight,Dry,Non-Fatal Injury,Cyclist Collisions,Cyclist,75 to 79,Major,,West,Bicycle,Stopped,,,,,,Insufficient information (to determine cyclist crash type).,Driving Properly,Medical or Physical Disability,,Yes,,,,,,,,,,,,59,Danforth East York,59,Danforth East York (59),D55,633839.586333188,4838320.19149182
447,6101709,1150406,1/7/2010 5:00:00 AM,2108,DANFORTH Road,MACKINAC Cres,,Major Arterial,Scarborough,43.749545,-79.24449,,No Control,Clear,Dark,Dry,Non-Fatal Injury,Cyclist Collisions,Vehicle Owner,unknown,,,,Other,,,,,,,,,,,Yes,Yes,,,,,,,Yes,,,,157,Bendale South,127,Bendale (127),D43,641338.44378105,4845552.5515595
448,6101710,1150406,1/7/2010 5:00:00 AM,2108,DANFORTH Road,MACKINAC Cres,,Major Arterial,Scarborough,43.749545,-79.24449,,No Control,Clear,Dark,Dry,Non-Fatal Injury,Cyclist Collisions,Driver,20 to 24,None,,North,"Automobile, Station Wagon",Overtaking,Failed to Yield Right of Way,Inattentive,,,,,,,,Yes,Yes,,,,,,,Yes,,,,157,Bendale South,127,Bendale (127),D43,641338.44378105,4845552.5515595
449,6101711,1150406,1/7/2010 5:00:00 AM,2108,DANFORTH Road,MACKINAC Cres,,Major Arterial,Scarborough,43.749545,-79.24449,,No Control,Clear,Dark,Dry,Non-Fatal Injury,Cyclist Collisions,Cyclist,40 to 44,Major,,North,Bicycle,Going Ahead,,,,,,Cyclist and Driver travelling in same direction. One vehicle rear-ended the other.,Driving Properly,Normal,,Yes,Yes,,,,,,,Yes,,,,157,Bendale South,127,Bendale (127),D43,641338.44378105,4845552.5515595
450,6116475,1157271,2/4/2010 5:00:00 AM,1848,O CONNOR Driv,BEECHWOOD Cres,,Minor Arterial,Toronto and East York,43.692345,-79.35449,,No Control,Clear,Dark,Dry,Non-Fatal Injury,Cyclist Collisions,Other,unknown,None,,,Other,Parked,,,,,,,,,,Yes,,,,,,,,,,,,57,Broadview North,57,Broadview North (57),D55,632608.238649686,4839017.84748935
451,6116476,1157271,2/4/2010 5:00:00 AM,1848,O CONNOR Driv,BEECHWOOD Cres,,Minor Arterial,Toronto and East York,43.692345,-79.35449,,No Control,Clear,Dark,Dry,Non-Fatal Injury,Cyclist Collisions,Cyclist,50 to 54,Major,,West,Bicycle,Going Ahead,,,,,,Cyclist strikes a parked vehicle.,Lost control,Normal,,Yes,,,,,,,,,,,,57,Broadview North,57,Broadview North (57),D55,632608.238649686,4839017.84748935
452,6149223,1171570,4/5/2010 4:00:00 AM,730,BALDWIN ST,SPADINA AVE,,Major Arterial,Toronto and East York,43.654945,-79.39879,At Intersection,Stop Sign,Clear,Dawn,Dry,Non-Fatal Injury,Cyclist Collisions,Driver,55 to 59,None,,West,"Automobile, Station Wagon",Going Ahead,Driving Properly,Normal,,,,,,,,Yes,Yes,,,,,,,,,,,78,Kensington-Chinatown,78,Kensington-Chinatown (78),D52,629118.339112785,4834794.18058993
453,6149224,1171570,4/5/2010 4:00:00 AM,730,BALDWIN ST,SPADINA AVE,,Major Arterial,Toronto and East York,43.654945,-79.39879,At Intersection,Stop Sign,Clear,Dawn,Dry,Non-Fatal Injury,Cyclist Collisions,Cyclist,65 to 69,Major,,South,Bicycle,Going Ahead,,,,,,"Cyclist without ROW rides into path of motorist at inter, lnwy, dwy-Cyclist not turn.",Failed to Yield Right of Way,Normal,,Yes,Yes,,,,,,,,,,,78,Kensington-Chinatown,78,Kensington-Chinatown (78),D52,629118.339112785,4834794.18058993
454,6139785,1167297,4/24/2010 4:00:00 AM,2302,DUNDAS Stre W,COLLEGE Stre,,Minor Arterial,Toronto and East York,43.650345,-79.44159,,No Control,Clear,Dark,Dry,Non-Fatal Injury,Cyclist Collisions,Driver,80 to 84,None,,East,"Automobile, Station Wagon",Going Ahead,Exceeding Speed Limit,Inattentive,,,,,,,,Yes,Yes,,,,,,Yes,Yes,,,,84,Little Portugal,84,Little Portugal (84),D11,625676.59426332,4834217.5815405
455,6139786,1167297,4/24/2010 4:00:00 AM,2302,DUNDAS Stre W,COLLEGE Stre,,Minor Arterial,Toronto and East York,43.650345,-79.44159,,No Control,Clear,Dark,Dry,Non-Fatal Injury,Cyclist Collisions,Cyclist,25 to 29,Major,,East,Bicycle,Stopped,,,,,,Cyclist and Driver travelling in same direction. One vehicle rear-ended the other.,Driving Properly,Normal,,Yes,Yes,,,,,,Yes,Yes,,,,84,Little Portugal,84,Little Portugal (84),D11,625676.59426332,4834217.5815405
456,6158681,1175797,4/27/2010 4:00:00 AM,1542,QUEEN St E,BROOKLYN Ave,,Minor Arterial,Toronto and East York,43.662045,-79.33589,,No Control,Clear,Daylight,Dry,Non-Fatal Injury,Cyclist Collisions,Cyclist,25 to 29,Major,,East,Bicycle,Going Ahead,,,,,,Cyclist and Driver travelling in same direction. One vehicle sideswipes the other.,Driving Properly,Normal,,Yes,Yes,,,,,,,,,,,70,South Riverdale,70,South Riverdale (70),D55,634174.708470746,4835682.53104023
457,6158682,1175797,4/27/2010 4:00:00 AM,1542,QUEEN St E,BROOKLYN Ave,,Minor Arterial,Toronto and East York,43.662045,-79.33589,,No Control,Clear,Daylight,Dry,Non-Fatal Injury,Cyclist Collisions,Vehicle Owner,unknown,,,,Other,,,,,,,,,,,Yes,Yes,,,,,,,,,,,70,South Riverdale,70,South Riverdale (70),D55,634174.708470746,4835682.53104023