OBJECTID,INDEX,ACCNUM,DATE,TIME,STREET1,STREET2,OFFSET,ROAD_CLASS,DISTRICT,LATITUDE,LONGITUDE,ACCLOC,TRAFFCTL,VISIBILITY,LIGHT,RDSFCOND,ACCLASS,IMPACTYPE,INVTYPE,INVAGE,INJURY,FATAL_NO,INITDIR,VEHTYPE,MANOEUVER,DRIVACT,DRIVCOND,PEDTYPE,PEDACT,PEDCOND,CYCLISTYPE,CYCACT,CYCCOND,PEDESTRIAN,CYCLIST,AUTOMOBILE,MOTORCYCLE,TRUCK,TRSN_CITY_VEH,EMERG_VEH,PASSENGER,SPEEDING,AG_DRIV,REDLIGHT,ALCOHOL,DISABILITY,HOOD_158,NEIGHBOURHOOD_158,HOOD_140,NEIGHBOURHOOD_140,DIVISION,x,y
795,7454958,1311042,7/13/2012 4:00:00 AM,640,ALBION RD,ISLINGTON AVE,,Major Arterial,Etobicoke York,43.737245,-79.56529,At Intersection,Traffic Signal,Clear,Daylight,Dry,Non-Fatal Injury,Cyclist Collisions,Driver,75 to 79,None,,South,"Automobile, Station Wagon",Going Ahead,Failed to Yield Right of Way,Normal,,,,,,,,Yes,Yes,,,,,,,Yes,,,,3,Thistletown-Beaumond Heights,3,Thistletown-Beaumond Heights (3),D23,615533.850117576,4843689.0972518
796,7454959,1311042,7/13/2012 4:00:00 AM,640,ALBION RD,ISLINGTON AVE,,Major Arterial,Etobicoke York,43.737245,-79.56529,At Intersection,Traffic Signal,Clear,Daylight,Dry,Non-Fatal Injury,Cyclist Collisions,Cyclist,35 to 39,Major,,West,Bicycle,Going Ahead,,,,,,"Motorist without ROW drives into path of cyclist at inter, lnwy, dwy-Driver not turn.",Driving Properly,Normal,,Yes,Yes,,,,,,,Yes,,,,3,Thistletown-Beaumond Heights,3,Thistletown-Beaumond Heights (3),D23,615533.850117576,4843689.0972518
797,7542311,1314053,7/18/2012 4:00:00 AM,1815,3495 SHEPPARD AVE E,,,Major Arterial,Scarborough,43.780345,-79.30099,,No Control,Clear,Daylight,Dry,Non-Fatal Injury,Cyclist Collisions,Driver,20 to 24,None,,East,"Automobile, Station Wagon",Turning Right,Failed to Yield Right of Way,Inattentive,,,,,,,,Yes,Yes,,,,,,,Yes,,,,118,Tam O'Shanter-Sullivan,118,Tam O'Shanter-Sullivan (118),D42,636719.316403075,4848878.5070724
798,7542312,1314053,7/18/2012 4:00:00 AM,1815,3495 SHEPPARD AVE E,,,Major Arterial,Scarborough,43.780345,-79.30099,,No Control,Clear,Daylight,Dry,Non-Fatal Injury,Cyclist Collisions,Cyclist,15 to 19,Major,,East,Bicycle,Going Ahead,,,,,,"Motorist turns right at non-signal Inter.(stop, yield, no cont.,and dwy) and strikes cyclist.",Driving Properly,Normal,,Yes,Yes,,,,,,,Yes,,,,118,Tam O'Shanter-Sullivan,118,Tam O'Shanter-Sullivan (118),D42,636719.316403075,4848878.5070724
799,7456219,1311577,7/23/2012 4:00:00 AM,824,YONGE ST,GROSVENOR ST,,Major Arterial,Toronto and East York,43.663045,-79.38379,At Intersection,Traffic Signal,Clear,Daylight,Dry,Non-Fatal Injury,Cyclist Collisions,Driver,50 to 54,Minimal,,East,"Automobile, Station Wagon",Turning Left,Driving Properly,Normal,,,,,,,,Yes,Yes,,,,,,,,,,,167,Church-Wellesley,75,Church-Yonge Corridor (75),D51,630310.397826538,4835717.24348791
800,7456220,1311577,7/23/2012 4:00:00 AM,824,YONGE ST,GROSVENOR ST,,Major Arterial,Toronto and East York,43.663045,-79.38379,At Intersection,Traffic Signal,Clear,Daylight,Dry,Non-Fatal Injury,Cyclist Collisions,Cyclist,25 to 29,Major,,North,Bicycle,Going Ahead,,,,,,Motorist turned left across cyclists path.,Disobeyed Traffic Control,Inattentive,,Yes,Yes,,,,,,,,,,,167,Church-Wellesley,75,Church-Yonge Corridor (75),D51,630310.397826538,4835717.24348791
801,7527653,1307650,7/27/2012 4:00:00 AM,2133,KINGSTON RD,LAWRENCE AVE E,,Major Arterial,Scarborough,43.767646,-79.189586,At Intersection,Traffic Signal,Clear,"Dusk, artificial",Dry,Fatal,Cyclist Collisions,Vehicle Owner,unknown,,,,Other,,,,,,,,,,,Yes,Yes,,,,,,,,,,,136,West Hill,136,West Hill (136),D43,645714.944656778,4847658.10236587
802,7527654,1307650,7/27/2012 4:00:00 AM,2133,KINGSTON RD,LAWRENCE AVE E,,Major Arterial,Scarborough,43.767646,-79.189586,At Intersection,Traffic Signal,Clear,"Dusk, artificial",Dry,Fatal,Cyclist Collisions,Driver,15 to 19,None,,East,"Automobile, Station Wagon",Going Ahead,Driving Properly,Normal,,,,,,,,Yes,Yes,,,,,,,,,,,136,West Hill,136,West Hill (136),D43,645714.944656778,4847658.10236587
803,7527655,1307650,7/27/2012 4:00:00 AM,2133,KINGSTON RD,LAWRENCE AVE E,,Major Arterial,Scarborough,43.767646,-79.189586,At Intersection,Traffic Signal,Clear,"Dusk, artificial",Dry,Fatal,Cyclist Collisions,Cyclist,15 to 19,Fatal,24,South,Bicycle,Going Ahead,,,,,,"Cyclist without ROW rides into path of motorist at inter, lnwy, dwy-Cyclist not turn.",Disobeyed Traffic Control,Unknown,,Yes,Yes,,,,,,,,,,,136,West Hill,136,West Hill (136),D43,645714.944656778,4847658.10236587
804,7514908,1313657,8/2/2012 4:00:00 AM,1730,SPADINA AVE,KING ST W,,Major Arterial,Toronto and East York,43.645445,-79.39499,At Intersection,Traffic Signal,Clear,Daylight,Dry,Non-Fatal Injury,Cyclist Collisions,Driver,30 to 34,None,,North,"Automobile, Station Wagon",Turning Right,Improper Turn,Normal,,,,,,,,Yes,Yes,,,,,,,,,,,164,Wellington Place,77,Waterfront Communities-The Island (77),D52,629445.17321295,4833745.00144925
805,7514909,1313657,8/2/2012 4:00:00 AM,1730,SPADINA AVE,KING ST W,,Major Arterial,Toronto and East York,43.645445,-79.39499,At Intersection,Traffic Signal,Clear,Daylight,Dry,Non-Fatal Injury,Cyclist Collisions,Cyclist,30 to 34,Major,,North,Bicycle,Going Ahead,,,,,,Motorist turning right on green or amber at signalized intersection strikes cyclist.,Driving Properly,Normal,,Yes,Yes,,,,,,,,,,,164,Wellington Place,77,Waterfront Communities-The Island (77),D52,629445.17321295,4833745.00144925
806,7465292,1315507,8/8/2012 4:00:00 AM,1935,BAYVIEW AVE,NESBITT DR,,Major Arterial,North York,43.694045,-79.36629,At Intersection,Traffic Signal,Clear,Daylight,Dry,Non-Fatal Injury,Cyclist Collisions,Driver,70 to 74,None,,North,"Automobile, Station Wagon",Turning Left,Failed to Yield Right of Way,Inattentive,,,,,,,,Yes,Yes,,,,,,,Yes,,,,56,Leaside-Bennington,56,Leaside-Bennington (56),D53,631653.571077823,4839187.85275185
807,7465293,1315507,8/8/2012 4:00:00 AM,1935,BAYVIEW AVE,NESBITT DR,,Major Arterial,North York,43.694045,-79.36629,At Intersection,Traffic Signal,Clear,Daylight,Dry,Non-Fatal Injury,Cyclist Collisions,Cyclist,25 to 29,Major,,South,Bicycle,Going Ahead,,,,,,Motorist turned left across cyclists path.,Driving Properly,Normal,,Yes,Yes,,,,,,,Yes,,,,56,Leaside-Bennington,56,Leaside-Bennington (56),D53,631653.571077823,4839187.85275185
808,7456571,1311734,8/13/2012 4:00:00 AM,1930,BLOOR ST E,ST PAULS SQ,,Major Arterial,Toronto and East York,43.671145,-79.38239,,No Control,Clear,Daylight,Dry,Non-Fatal Injury,Cyclist Collisions,Driver,25 to 29,None,,East,"Automobile, Station Wagon",Changing Lanes,Improper Lane Change,Unknown,,,,,,,,Yes,Yes,,,,,,,,,,,167,Church-Wellesley,75,Church-Yonge Corridor (75),D51,630405.735555862,4836619.05704105
809,7456572,1311734,8/13/2012 4:00:00 AM,1930,BLOOR ST E,ST PAULS SQ,,Major Arterial,Toronto and East York,43.671145,-79.38239,,No Control,Clear,Daylight,Dry,Non-Fatal Injury,Cyclist Collisions,Vehicle Owner,unknown,,,,Other,,,,,,,,,,,Yes,Yes,,,,,,,,,,,167,Church-Wellesley,75,Church-Yonge Corridor (75),D51,630405.735555862,4836619.05704105
810,7456573,1311734,8/13/2012 4:00:00 AM,1930,BLOOR ST E,ST PAULS SQ,,Major Arterial,Toronto and East York,43.671145,-79.38239,,No Control,Clear,Daylight,Dry,Non-Fatal Injury,Cyclist Collisions,Cyclist,60 to 64,Major,,East,Bicycle,Going Ahead,,,,,,Cyclist and Driver travelling in same direction. One vehicle sideswipes the other.,Driving Properly,Normal,,Yes,Yes,,,,,,,,,,,167,Church-Wellesley,75,Church-Yonge Corridor (75),D51,630405.735555862,4836619.05704105
811,7559635,1316502,8/14/2012 4:00:00 AM,707,RONCESVALLES AVE,WRIGHT AVE,,Minor Arterial,Toronto and East York,43.645445,-79.44869,,No Control,Clear,Daylight,Wet,Non-Fatal Injury,Cyclist Collisions,Vehicle Owner,unknown,,,,Other,,,,,,,,,,,Yes,Yes,,,,,,,,,,,86,Roncesvalles,86,Roncesvalles (86),D11,625114.188328872,4833662.64530953
812,7559636,1316502,8/14/2012 4:00:00 AM,707,RONCESVALLES AVE,WRIGHT AVE,,Minor Arterial,Toronto and East York,43.645445,-79.44869,,No Control,Clear,Daylight,Wet,Non-Fatal Injury,Cyclist Collisions,Driver,40 to 44,None,,South,"Automobile, Station Wagon",Stopped,Other,Normal,,,,,,,,Yes,Yes,,,,,,,,,,,86,Roncesvalles,86,Roncesvalles (86),D11,625114.188328872,4833662.64530953
813,7559637,1316502,8/14/2012 4:00:00 AM,707,RONCESVALLES AVE,WRIGHT AVE,,Minor Arterial,Toronto and East York,43.645445,-79.44869,,No Control,Clear,Daylight,Wet,Non-Fatal Injury,Cyclist Collisions,Cyclist,10 to 14,Major,,South,Bicycle,Going Ahead,,,,,,Cyclist struck opened vehicle door,Driving Properly,Normal,,Yes,Yes,,,,,,,,,,,86,Roncesvalles,86,Roncesvalles (86),D11,625114.188328872,4833662.64530953
814,7474373,1319338,8/30/2012 4:00:00 AM,1630,DUNDAS ST W,HOWARD PARK AVE,,Minor Arterial,Toronto and East York,43.652145,-79.44809,At Intersection,Traffic Signal,Clear,Daylight,Dry,Non-Fatal Injury,Cyclist Collisions,Driver,65 to 69,None,,West,"Automobile, Station Wagon",Going Ahead,Driving Properly,Normal,,,,,,,,Yes,Yes,,,,,,,,,,,86,Roncesvalles,86,Roncesvalles (86),D11,625148.663922218,4834407.67152386
815,7474374,1319338,8/30/2012 4:00:00 AM,1630,DUNDAS ST W,HOWARD PARK AVE,,Minor Arterial,Toronto and East York,43.652145,-79.44809,At Intersection,Traffic Signal,Clear,Daylight,Dry,Non-Fatal Injury,Cyclist Collisions,Cyclist,15 to 19,Major,,East,Bicycle,Turning Left,,,,,,Cyclist turned left across motorists path.,Improper Turn,Normal,,Yes,Yes,,,,,,,,,,,86,Roncesvalles,86,Roncesvalles (86),D11,625148.663922218,4834407.67152386
816,7474950,1319584,9/2/2012 4:00:00 AM,115,COLLEGE ST,LIPPINCOTT ST,,Major Arterial,Toronto and East York,43.656649,-79.406482,At Intersection,No Control,Clear,"Dark, artificial",Dry,Non-Fatal Injury,Cyclist Collisions,Vehicle Owner,unknown,,,,,,,,,,,,,,,Yes,Yes,,,,,,,,,,,78,Kensington-Chinatown,78,Kensington-Chinatown (78),D14,628494.430989201,4834971.49166126
817,7474951,1319584,9/2/2012 4:00:00 AM,115,COLLEGE ST,LIPPINCOTT ST,,Major Arterial,Toronto and East York,43.656649,-79.406482,At Intersection,No Control,Clear,"Dark, artificial",Dry,Non-Fatal Injury,Cyclist Collisions,Driver,55 to 59,None,,West,"Automobile, Station Wagon",Making U Turn,Improper Turn,Inattentive,,,,,,,,Yes,Yes,,,,,,,,,,,78,Kensington-Chinatown,78,Kensington-Chinatown (78),D14,628494.430989201,4834971.49166126
818,7474952,1319584,9/2/2012 4:00:00 AM,115,COLLEGE ST,LIPPINCOTT ST,,Major Arterial,Toronto and East York,43.656649,-79.406482,At Intersection,No Control,Clear,"Dark, artificial",Dry,Non-Fatal Injury,Cyclist Collisions,Cyclist,20 to 24,Major,,West,Bicycle,Overtaking,,,,,,Motorist makes u-turn in-front of cyclist.,Driving Properly,Normal,,Yes,Yes,,,,,,,,,,,78,Kensington-Chinatown,78,Kensington-Chinatown (78),D14,628494.430989201,4834971.49166126
819,7475084,1319643,9/2/2012 4:00:00 AM,1855,WESTON RD,GLENVALLEY DR,,Minor Arterial,Etobicoke York,43.688145,-79.49259,At Intersection,Stop Sign,Clear,Daylight,Dry,Non-Fatal Injury,Cyclist Collisions,Driver,45 to 49,None,,North,"Automobile, Station Wagon",Turning Left,Failed to Yield Right of Way,Inattentive,,,,,,,,Yes,Yes,,,,,,,Yes,,,,115,Mount Dennis,115,Mount Dennis (115),D12,621487.423754946,4838339.79734346
820,7475085,1319643,9/2/2012 4:00:00 AM,1855,WESTON RD,GLENVALLEY DR,,Minor Arterial,Etobicoke York,43.688145,-79.49259,At Intersection,Stop Sign,Clear,Daylight,Dry,Non-Fatal Injury,Cyclist Collisions,Cyclist,45 to 49,Major,,South,Bicycle,Going Ahead,,,,,,Motorist turned left across cyclists path.,Driving Properly,Normal,,Yes,Yes,,,,,,,Yes,,,,115,Mount Dennis,115,Mount Dennis (115),D12,621487.423754946,4838339.79734346
821,7476109,1320057,9/6/2012 4:00:00 AM,615,KENNEDY RD,FOXRIDGE DR,,Major Arterial,Scarborough,43.724045,-79.26449,At Intersection,No Control,Clear,"Daylight, artificial",Dry,Non-Fatal Injury,Cyclist Collisions,Driver,50 to 54,None,,North,"Automobile, Station Wagon",Turning Left,Failed to Yield Right of Way,Normal,,,,,,,,Yes,Yes,,,,,,,Yes,,,,124,Kennedy Park,124,Kennedy Park (124),D41,639787.525012922,4842686.46175915
822,7476110,1320057,9/6/2012 4:00:00 AM,615,KENNEDY RD,FOXRIDGE DR,,Major Arterial,Scarborough,43.724045,-79.26449,At Intersection,No Control,Clear,"Daylight, artificial",Dry,Non-Fatal Injury,Cyclist Collisions,Cyclist,35 to 39,Major,,South,Bicycle,Going Ahead,,,,,,Motorist turned left across cyclists path.,Driving Properly,Normal,,Yes,Yes,,,,,,,Yes,,,,124,Kennedy Park,124,Kennedy Park (124),D41,639787.525012922,4842686.46175915
823,7528256,1316027,9/6/2012 4:00:00 AM,1440,KING ST E,VICTORIA ST,,Major Arterial,Toronto and East York,43.649345,-79.37669,At Intersection,No Control,Clear,Daylight,Dry,Non-Fatal Injury,Cyclist Collisions,Vehicle Owner,unknown,,,,Other,,,,,,,,,,,Yes,Yes,,,,,,,Yes,,,,168,Downtown Yonge East,75,Church-Yonge Corridor (75),D51,630912.624107693,4834206.85351538
824,7528257,1316027,9/6/2012 4:00:00 AM,1440,KING ST E,VICTORIA ST,,Major Arterial,Toronto and East York,43.649345,-79.37669,At Intersection,No Control,Clear,Daylight,Dry,Non-Fatal Injury,Cyclist Collisions,Driver,60 to 64,None,,East,"Automobile, Station Wagon",Turning Left,Failed to Yield Right of Way,Unknown,,,,,,,,Yes,Yes,,,,,,,Yes,,,,168,Downtown Yonge East,75,Church-Yonge Corridor (75),D51,630912.624107693,4834206.85351538
825,7528258,1316027,9/6/2012 4:00:00 AM,1440,KING ST E,VICTORIA ST,,Major Arterial,Toronto and East York,43.649345,-79.37669,At Intersection,No Control,Clear,Daylight,Dry,Non-Fatal Injury,Cyclist Collisions,Cyclist,20 to 24,Major,,West,Bicycle,Going Ahead,,,,,,Motorist turned left across cyclists path.,Driving Properly,Normal,,Yes,Yes,,,,,,,Yes,,,,168,Downtown Yonge East,75,Church-Yonge Corridor (75),D51,630912.624107693,4834206.85351538
826,7528633,1321287,9/16/2012 4:00:00 AM,101,DAVENPORT Rd,MOUNT ROYAL Ave,,Minor Arterial,Toronto and East York,43.674545,-79.43259,At Intersection,No Control,Clear,"Dark, artificial",Dry,Non-Fatal Injury,Cyclist Collisions,Moped Driver,60 to 64,Major,,East,Moped,Going Ahead,Following too Close,Had Been Drinking,,,,,,,,Yes,,,,,,,,Yes,,,,94,Wychwood,94,Wychwood (94),D13,626351.622170153,4836918.98034944
827,7528634,1321287,9/16/2012 4:00:00 AM,101,DAVENPORT Rd,MOUNT ROYAL Ave,,Minor Arterial,Toronto and East York,43.674545,-79.43259,At Intersection,No Control,Clear,"Dark, artificial",Dry,Non-Fatal Injury,Cyclist Collisions,Cyclist,30 to 34,Minor,,East,Bicycle,Turning Left,,,,,,Cyclist and Driver travelling in same direction. One vehicle rear-ended the other.,Driving Properly,Had Been Drinking,,Yes,,,,,,,,Yes,,,,94,Wychwood,94,Wychwood (94),D13,626351.622170153,4836918.98034944
828,7515517,1321368,9/17/2012 4:00:00 AM,851,BAY St,FRONT St W,,Major Arterial,Toronto and East York,43.645945,-79.37909,At Intersection,Traffic Signal,Clear,Daylight,Dry,Non-Fatal Injury,Cyclist Collisions,Vehicle Owner,unknown,,,,Other,,,,,,,,,,,Yes,,,Yes,,,,,Yes,,,,166,St Lawrence-East Bayfront-The Islands,77,Waterfront Communities-The Island (77),D52,630726.448332788,4833825.45575784
829,7515518,1321368,9/17/2012 4:00:00 AM,851,BAY St,FRONT St W,,Major Arterial,Toronto and East York,43.645945,-79.37909,At Intersection,Traffic Signal,Clear,Daylight,Dry,Non-Fatal Injury,Cyclist Collisions,Truck Driver,45 to 49,None,,North,Truck - Open,Overtaking,Improper Passing,Inattentive,,,,,,,,Yes,,,Yes,,,,,Yes,,,,166,St Lawrence-East Bayfront-The Islands,77,Waterfront Communities-The Island (77),D52,630726.448332788,4833825.45575784
830,7515519,1321368,9/17/2012 4:00:00 AM,851,BAY St,FRONT St W,,Major Arterial,Toronto and East York,43.645945,-79.37909,At Intersection,Traffic Signal,Clear,Daylight,Dry,Non-Fatal Injury,Cyclist Collisions,Other,unknown,None,,,Other,,,,,,,,,,,Yes,,,Yes,,,,,Yes,,,,166,St Lawrence-East Bayfront-The Islands,77,Waterfront Communities-The Island (77),D52,630726.448332788,4833825.45575784
831,7515520,1321368,9/17/2012 4:00:00 AM,851,BAY St,FRONT St W,,Major Arterial,Toronto and East York,43.645945,-79.37909,At Intersection,Traffic Signal,Clear,Daylight,Dry,Non-Fatal Injury,Cyclist Collisions,Other Property Owner,unknown,,,,Other,,,,,,,,,,,Yes,,,Yes,,,,,Yes,,,,166,St Lawrence-East Bayfront-The Islands,77,Waterfront Communities-The Island (77),D52,630726.448332788,4833825.45575784
832,7515521,1321368,9/17/2012 4:00:00 AM,851,BAY St,FRONT St W,,Major Arterial,Toronto and East York,43.645945,-79.37909,At Intersection,Traffic Signal,Clear,Daylight,Dry,Non-Fatal Injury,Cyclist Collisions,Cyclist,25 to 29,Major,,North,Bicycle,Going Ahead,,,,,,Cyclist and Driver travelling in same direction. One vehicle sideswipes the other.,Driving Properly,Normal,,Yes,,,Yes,,,,,Yes,,,,166,St Lawrence-East Bayfront-The Islands,77,Waterfront Communities-The Island (77),D52,630726.448332788,4833825.45575784
833,7485220,1323889,9/25/2012 4:00:00 AM,1110,KING Stre W,BAY Stre,,Major Arterial,Toronto and East York,43.648245,-79.38179,,No Control,Clear,Daylight,Dry,Non-Fatal Injury,Cyclist Collisions,Vehicle Owner,unknown,,,,Other,,,,,,,,,,,Yes,Yes,,,,,,,Yes,,,,170,Yonge-Bay Corridor,76,Bay Street Corridor (76),D52,630503.70999241,4834076.65128434
834,7485221,1323889,9/25/2012 4:00:00 AM,1110,KING Stre W,BAY Stre,,Major Arterial,Toronto and East York,43.648245,-79.38179,,No Control,Clear,Daylight,Dry,Non-Fatal Injury,Cyclist Collisions,Driver,45 to 49,None,,East,"Automobile, Station Wagon",Stopped,Failed to Yield Right of Way,Inattentive,,,,,,,,Yes,Yes,,,,,,,Yes,,,,170,Yonge-Bay Corridor,76,Bay Street Corridor (76),D52,630503.70999241,4834076.65128434
835,7485222,1323889,9/25/2012 4:00:00 AM,1110,KING Stre W,BAY Stre,,Major Arterial,Toronto and East York,43.648245,-79.38179,,No Control,Clear,Daylight,Dry,Non-Fatal Injury,Cyclist Collisions,Cyclist,50 to 54,Major,,East,Bicycle,Going Ahead,,,,,,Cyclist struck opened vehicle door,Driving Properly,Normal,,Yes,Yes,,,,,,,Yes,,,,170,Yonge-Bay Corridor,76,Bay Street Corridor (76),D52,630503.70999241,4834076.65128434
836,7485583,1324043,9/27/2012 4:00:00 AM,2055,RICHMOND St W,PETER St,,Major Arterial,Toronto and East York,43.648345,-79.39329,At Intersection,Traffic Signal,Clear,"Dark, artificial",Dry,Non-Fatal Injury,Cyclist Collisions,Vehicle Owner,unknown,,,,Other,,,,,,,,,,,Yes,Yes,,,,,,,,,,,164,Wellington Place,77,Waterfront Communities-The Island (77),D52,629576.045223549,4834069.73717775
837,7485584,1324043,9/27/2012 4:00:00 AM,2055,RICHMOND St W,PETER St,,Major Arterial,Toronto and East York,43.648345,-79.39329,At Intersection,Traffic Signal,Clear,"Dark, artificial",Dry,Non-Fatal Injury,Cyclist Collisions,Driver,45 to 49,None,,West,"Automobile, Station Wagon",Going Ahead,Driving Properly,Normal,,,,,,,,Yes,Yes,,,,,,,,,,,164,Wellington Place,77,Waterfront Communities-The Island (77),D52,629576.045223549,4834069.73717775
838,7485585,1324043,9/27/2012 4:00:00 AM,2055,RICHMOND St W,PETER St,,Major Arterial,Toronto and East York,43.648345,-79.39329,At Intersection,Traffic Signal,Clear,"Dark, artificial",Dry,Non-Fatal Injury,Cyclist Collisions,Cyclist,35 to 39,Major,,South,Bicycle,Going Ahead,,,,,,"Cyclist without ROW rides into path of motorist at inter, lnwy, dwy-Cyclist not turn.",Disobeyed Traffic Control,Inattentive,,Yes,Yes,,,,,,,,,,,164,Wellington Place,77,Waterfront Communities-The Island (77),D52,629576.045223549,4834069.73717775
839,7529283,1324964,9/28/2012 4:00:00 AM,1322,AVENUE RD,HILLHURST BLVD,,Major Arterial,North York,43.711745,-79.411693,,No Control,Clear,Daylight,Dry,Non-Fatal Injury,Rear End,Vehicle Owner,unknown,,,,,,,,,,,,,,,Yes,Yes,,,,,,,Yes,,,,103,Lawrence Park South,103,Lawrence Park South (103),D53,627957.043253182,4841082.59774592
840,7529284,1324964,9/28/2012 4:00:00 AM,1322,AVENUE RD,HILLHURST BLVD,,Major Arterial,North York,43.711745,-79.411693,,No Control,Clear,Daylight,Dry,Non-Fatal Injury,Rear End,Driver,20 to 24,None,,North,"Automobile, Station Wagon",Going Ahead,Improper Passing,Normal,,,,,,,,Yes,Yes,,,,,,,Yes,,,,103,Lawrence Park South,103,Lawrence Park South (103),D53,627957.043253182,4841082.59774592
841,7529285,1324964,9/28/2012 4:00:00 AM,1322,AVENUE RD,HILLHURST BLVD,,Major Arterial,North York,43.711745,-79.411693,,No Control,Clear,Daylight,Dry,Non-Fatal Injury,Rear End,Moped Driver,25 to 29,Major,,North,Moped,Going Ahead,,,,,,,,,,Yes,Yes,,,,,,,Yes,,,,103,Lawrence Park South,103,Lawrence Park South (103),D53,627957.043253182,4841082.59774592
842,7487146,1324692,10/2/2012 4:00:00 AM,1820,SHUTER Stre,CHURCH Stre,,Minor Arterial,Toronto and East York,43.654845,-79.37649,At Intersection,Traffic Signal,Clear,"Dark, artificial",Dry,Non-Fatal Injury,Cyclist Collisions,Driver,45 to 49,None,,East,"Automobile, Station Wagon",Turning Right,Improper Turn,Normal,,,,,,,,Yes,Yes,,,,,,,,,,,168,Downtown Yonge East,75,Church-Yonge Corridor (75),D51,630916.802351079,4834818.01642429
843,7487147,1324692,10/2/2012 4:00:00 AM,1820,SHUTER Stre,CHURCH Stre,,Minor Arterial,Toronto and East York,43.654845,-79.37649,At Intersection,Traffic Signal,Clear,"Dark, artificial",Dry,Non-Fatal Injury,Cyclist Collisions,Cyclist,60 to 64,Major,,East,Bicycle,Going Ahead,,,,,,Motorist turning right on green or amber at signalized intersection strikes cyclist.,Driving Properly,Normal,,Yes,Yes,,,,,,,,,,,168,Downtown Yonge East,75,Church-Yonge Corridor (75),D51,630916.802351079,4834818.01642429
844,7487822,1324973,10/4/2012 4:00:00 AM,1748,AVENUE RD,MACPHERSON AVE,,Major Arterial,Toronto and East York,43.677845,-79.39789,,No Control,Clear,Daylight,Dry,Non-Fatal Injury,Cyclist Collisions,Vehicle Owner,unknown,,,,Other,,,,,,,,,,,Yes,,,Yes,,,,,Yes,,,,95,Annex,95,Annex (95),D53,629141.797624829,4837338.93240667
845,7487823,1324973,10/4/2012 4:00:00 AM,1748,AVENUE RD,MACPHERSON AVE,,Major Arterial,Toronto and East York,43.677845,-79.39789,,No Control,Clear,Daylight,Dry,Non-Fatal Injury,Cyclist Collisions,Truck Driver,30 to 34,None,,South,Truck - Open,Slowing or Stopping,Improper Passing,Normal,,,,,,,,Yes,,,Yes,,,,,Yes,,,,95,Annex,95,Annex (95),D53,629141.797624829,4837338.93240667
846,7487824,1324973,10/4/2012 4:00:00 AM,1748,AVENUE RD,MACPHERSON AVE,,Major Arterial,Toronto and East York,43.677845,-79.39789,,No Control,Clear,Daylight,Dry,Non-Fatal Injury,Cyclist Collisions,Cyclist,50 to 54,Major,,South,Bicycle,Overtaking,,,,,,Cyclist and Driver travelling in same direction. One vehicle sideswipes the other.,Improper Passing,Unknown,,Yes,,,Yes,,,,,Yes,,,,95,Annex,95,Annex (95),D53,629141.797624829,4837338.93240667
847,7487825,1324973,10/4/2012 4:00:00 AM,1748,AVENUE RD,MACPHERSON AVE,,Major Arterial,Toronto and East York,43.677845,-79.39789,,No Control,Clear,Daylight,Dry,Non-Fatal Injury,Cyclist Collisions,Other,unknown,None,,,Other,,,,,,,,,,,Yes,,,Yes,,,,,Yes,,,,95,Annex,95,Annex (95),D53,629141.797624829,4837338.93240667
848,7491581,1326621,10/10/2012 4:00:00 AM,617,CHURCH St,JANE St,,Collector,Etobicoke York,43.709145,-79.50589,,No Control,Clear,"Dark, artificial",Dry,Non-Fatal Injury,Cyclist Collisions,Vehicle Owner,unknown,,,,Other,,,,,,,,,,,Yes,Yes,,,,,,,Yes,,,,113,Weston,113,Weston (113),D12,620373.493093697,4840652.73669842
849,7491582,1326621,10/10/2012 4:00:00 AM,617,CHURCH St,JANE St,,Collector,Etobicoke York,43.709145,-79.50589,,No Control,Clear,"Dark, artificial",Dry,Non-Fatal Injury,Cyclist Collisions,Driver,25 to 29,None,,East,"Automobile, Station Wagon",Turning Left,Failed to Yield Right of Way,Normal,,,,,,,,Yes,Yes,,,,,,,Yes,,,,113,Weston,113,Weston (113),D12,620373.493093697,4840652.73669842
850,7491583,1326621,10/10/2012 4:00:00 AM,617,CHURCH St,JANE St,,Collector,Etobicoke York,43.709145,-79.50589,,No Control,Clear,"Dark, artificial",Dry,Non-Fatal Injury,Cyclist Collisions,Cyclist,30 to 34,Major,,West,Bicycle,Going Ahead,,,,,,Motorist turned left across cyclists path.,Driving Properly,Normal,,Yes,Yes,,,,,,,Yes,,,,113,Weston,113,Weston (113),D12,620373.493093697,4840652.73669842
851,7492267,1326911,10/11/2012 4:00:00 AM,2140,YONGE St,CRESCENT Rd,,Major Arterial,Toronto and East York,43.676945,-79.38949,At Intersection,Traffic Signal,Clear,"Dark, artificial",Dry,Non-Fatal Injury,Cyclist Collisions,Driver,75 to 79,None,,South,"Automobile, Station Wagon",Turning Left,Failed to Yield Right of Way,Inattentive,,,,,,,,Yes,Yes,,,,,,,Yes,,,,98,Rosedale-Moore Park,98,Rosedale-Moore Park (98),D53,629820.84690176,4837252.08833794