OBJECTID,INDEX,ACCNUM,DATE,TIME,STREET1,STREET2,OFFSET,ROAD_CLASS,DISTRICT,LATITUDE,LONGITUDE,ACCLOC,TRAFFCTL,VISIBILITY,LIGHT,RDSFCOND,ACCLASS,IMPACTYPE,INVTYPE,INVAGE,INJURY,FATAL_NO,INITDIR,VEHTYPE,MANOEUVER,DRIVACT,DRIVCOND,PEDTYPE,PEDACT,PEDCOND,CYCLISTYPE,CYCACT,CYCCOND,PEDESTRIAN,CYCLIST,AUTOMOBILE,MOTORCYCLE,TRUCK,TRSN_CITY_VEH,EMERG_VEH,PASSENGER,SPEEDING,AG_DRIV,REDLIGHT,ALCOHOL,DISABILITY,HOOD_158,NEIGHBOURHOOD_158,HOOD_140,NEIGHBOURHOOD_140,DIVISION,x,y
1076,80158381,4001953344,4/25/2014 4:00:00 AM,5,DUNDAS ST W,GLADSTONE AVE,,Minor Arterial,Toronto and East York,43.649573,-79.429813,Non Intersection,No Control,Clear,"Dark, artificial",Dry,Non-Fatal Injury,Cyclist Collisions,Driver,40 to 44,Minimal,,East,"Automobile, Station Wagon",Making U Turn,Improper Turn,Inattentive,,,,,,,,Yes,Yes,,,,,,,,,,,84,Little Portugal,84,Little Portugal (84),D14,626627.971553786,4834149.74394544
1077,80158382,4001953344,4/25/2014 4:00:00 AM,5,DUNDAS ST W,GLADSTONE AVE,,Minor Arterial,Toronto and East York,43.649573,-79.429813,Non Intersection,No Control,Clear,"Dark, artificial",Dry,Non-Fatal Injury,Cyclist Collisions,Cyclist,35 to 39,Major,,West,Bicycle,Going Ahead,,,,,,Motorist makes u-turn in-front of cyclist.,Driving Properly,Normal,,Yes,Yes,,,,,,,,,,,84,Little Portugal,84,Little Portugal (84),D14,626627.971553786,4834149.74394544
1078,80159333,4002017268,5/5/2014 4:00:00 AM,644,WOODBINE AVE,MERRILL AVE E,,Major Arterial,Toronto and East York,43.683406,-79.311847,Intersection Related,Stop Sign,Clear,Daylight,Dry,Non-Fatal Injury,Cyclist Collisions,Driver,25 to 29,None,,East,"Automobile, Station Wagon",Turning Left,Failed to Yield Right of Way,Normal,,,,,,,,Yes,Yes,,,,,Yes,,Yes,,,,64,Woodbine Corridor,64,Woodbine Corridor (64),D55,636064.998996114,4838094.12749759
1079,80159334,4002017268,5/5/2014 4:00:00 AM,644,WOODBINE AVE,MERRILL AVE E,,Major Arterial,Toronto and East York,43.683406,-79.311847,Intersection Related,Stop Sign,Clear,Daylight,Dry,Non-Fatal Injury,Cyclist Collisions,Passenger,25 to 29,None,,,,,,,,,,,,,,Yes,Yes,,,,,Yes,,Yes,,,,64,Woodbine Corridor,64,Woodbine Corridor (64),D55,636064.998996114,4838094.12749759
1080,80159335,4002017268,5/5/2014 4:00:00 AM,644,WOODBINE AVE,MERRILL AVE E,,Major Arterial,Toronto and East York,43.683406,-79.311847,Intersection Related,Stop Sign,Clear,Daylight,Dry,Non-Fatal Injury,Cyclist Collisions,Passenger,unknown,None,,,,,,,,,,,,,,Yes,Yes,,,,,Yes,,Yes,,,,64,Woodbine Corridor,64,Woodbine Corridor (64),D55,636064.998996114,4838094.12749759
1081,80159336,4002017268,5/5/2014 4:00:00 AM,644,WOODBINE AVE,MERRILL AVE E,,Major Arterial,Toronto and East York,43.683406,-79.311847,Intersection Related,Stop Sign,Clear,Daylight,Dry,Non-Fatal Injury,Cyclist Collisions,Passenger,unknown,None,,,,,,,,,,,,,,Yes,Yes,,,,,Yes,,Yes,,,,64,Woodbine Corridor,64,Woodbine Corridor (64),D55,636064.998996114,4838094.12749759
1082,80159337,4002017268,5/5/2014 4:00:00 AM,644,WOODBINE AVE,MERRILL AVE E,,Major Arterial,Toronto and East York,43.683406,-79.311847,Intersection Related,Stop Sign,Clear,Daylight,Dry,Non-Fatal Injury,Cyclist Collisions,Cyclist,55 to 59,Major,,South,Bicycle,Going Ahead,,,,,,Motorist turned left across cyclists path.,Driving Properly,Normal,,Yes,Yes,,,,,Yes,,Yes,,,,64,Woodbine Corridor,64,Woodbine Corridor (64),D55,636064.998996114,4838094.12749759
1083,80159363,4002018320,5/5/2014 4:00:00 AM,1009,WOODBINE AVE,KINGSTON RD,,Major Arterial,Toronto and East York,43.673918,-79.307918,At Intersection,Traffic Signal,Clear,Daylight,Dry,Non-Fatal Injury,Cyclist Collisions,Cyclist,50 to 54,Major,,North,Bicycle,Going Ahead,,,,,,Motorist turned left across cyclists path.,Driving Properly,Normal,,Yes,Yes,,,,,Yes,,Yes,,,,63,The Beaches,63,The Beaches (63),D55,636403.17821195,4837046.80776245
1084,80159364,4002018320,5/5/2014 4:00:00 AM,1009,WOODBINE AVE,KINGSTON RD,,Major Arterial,Toronto and East York,43.673918,-79.307918,At Intersection,Traffic Signal,Clear,Daylight,Dry,Non-Fatal Injury,Cyclist Collisions,Driver,45 to 49,None,,South,"Automobile, Station Wagon",Turning Left,Failed to Yield Right of Way,Normal,,,,,,,,Yes,Yes,,,,,Yes,,Yes,,,,63,The Beaches,63,The Beaches (63),D55,636403.17821195,4837046.80776245
1085,80159365,4002018320,5/5/2014 4:00:00 AM,1009,WOODBINE AVE,KINGSTON RD,,Major Arterial,Toronto and East York,43.673918,-79.307918,At Intersection,Traffic Signal,Clear,Daylight,Dry,Non-Fatal Injury,Cyclist Collisions,Passenger,20 to 24,None,,,,,,,,,,,,,,Yes,Yes,,,,,Yes,,Yes,,,,63,The Beaches,63,The Beaches (63),D55,636403.17821195,4837046.80776245
1086,80160036,4002062071,5/12/2014 4:00:00 AM,740,DUNDAS ST E,LESLIE ST,,Minor Arterial,Toronto and East York,43.666724,-79.331714,At Intersection,Traffic Signal,Clear,Daylight,Dry,Non-Fatal Injury,Cyclist Collisions,Driver,35 to 39,None,,West,"Automobile, Station Wagon",Turning Right,Failed to Yield Right of Way,Normal,,,,,,,,Yes,Yes,,,,,Yes,,Yes,,,,70,South Riverdale,70,South Riverdale (70),D55,634500.966947106,4836208.95928828
1087,80160037,4002062071,5/12/2014 4:00:00 AM,740,DUNDAS ST E,LESLIE ST,,Minor Arterial,Toronto and East York,43.666724,-79.331714,At Intersection,Traffic Signal,Clear,Daylight,Dry,Non-Fatal Injury,Cyclist Collisions,Passenger,30 to 34,None,,,,,,,,,,,,,,Yes,Yes,,,,,Yes,,Yes,,,,70,South Riverdale,70,South Riverdale (70),D55,634500.966947106,4836208.95928828
1088,80160038,4002062071,5/12/2014 4:00:00 AM,740,DUNDAS ST E,LESLIE ST,,Minor Arterial,Toronto and East York,43.666724,-79.331714,At Intersection,Traffic Signal,Clear,Daylight,Dry,Non-Fatal Injury,Cyclist Collisions,Passenger,5 to 9,None,,,,,,,,,,,,,,Yes,Yes,,,,,Yes,,Yes,,,,70,South Riverdale,70,South Riverdale (70),D55,634500.966947106,4836208.95928828
1089,80160039,4002062071,5/12/2014 4:00:00 AM,740,DUNDAS ST E,LESLIE ST,,Minor Arterial,Toronto and East York,43.666724,-79.331714,At Intersection,Traffic Signal,Clear,Daylight,Dry,Non-Fatal Injury,Cyclist Collisions,Passenger,0 to 4,None,,,,,,,,,,,,,,Yes,Yes,,,,,Yes,,Yes,,,,70,South Riverdale,70,South Riverdale (70),D55,634500.966947106,4836208.95928828
1090,80160040,4002062071,5/12/2014 4:00:00 AM,740,DUNDAS ST E,LESLIE ST,,Minor Arterial,Toronto and East York,43.666724,-79.331714,At Intersection,Traffic Signal,Clear,Daylight,Dry,Non-Fatal Injury,Cyclist Collisions,Cyclist,40 to 44,Major,,West,Bicycle,Going Ahead,,,,,,Motorist turning right on green or amber at signalized intersection strikes cyclist.,Driving Properly,Normal,,Yes,Yes,,,,,Yes,,Yes,,,,70,South Riverdale,70,South Riverdale (70),D55,634500.966947106,4836208.95928828
1091,80161523,4002159560,5/26/2014 4:00:00 AM,2322,1999 LESLIE ST,,,Major Arterial,North York,43.760329,-79.361652,Non Intersection,No Control,Clear,"Dark, artificial",Dry,Non-Fatal Injury,Cyclist Collisions,Cyclist,50 to 54,Major,,North,Bicycle,Going Ahead,,,,,,Cyclist and Driver travelling in same direction. One vehicle rear-ended the other.,Driving Properly,Normal,,Yes,,,,,,,,Yes,,,,40,St.Andrew-Windfields,40,St.Andrew-Windfields (40),D33,631881.783375708,4846557.0296367
1092,80161524,4002159560,5/26/2014 4:00:00 AM,2322,1999 LESLIE ST,,,Major Arterial,North York,43.760329,-79.361652,Non Intersection,No Control,Clear,"Dark, artificial",Dry,Non-Fatal Injury,Cyclist Collisions,Driver,unknown,None,,North,,Going Ahead,Following too Close,Unknown,,,,,,,,Yes,,,,,,,,Yes,,,,40,St.Andrew-Windfields,40,St.Andrew-Windfields (40),D33,631881.783375708,4846557.0296367
1093,80161544,4002160939,5/27/2014 4:00:00 AM,755,STEELES AVE W,PETER KAISER GT,,Major Arterial,Etobicoke York,43.7741,-79.527782,Non Intersection,No Control,Clear,Daylight,Dry,Non-Fatal Injury,Cyclist Collisions,Driver,50 to 54,None,,East,"Automobile, Station Wagon",Changing Lanes,Improper Lane Change,Normal,,,,,,,,Yes,Yes,,,,,,,,,,,24,Black Creek,24,Black Creek (24),D31,618481.549007062,4847835.36960889
1094,80161545,4002160939,5/27/2014 4:00:00 AM,755,STEELES AVE W,PETER KAISER GT,,Major Arterial,Etobicoke York,43.7741,-79.527782,Non Intersection,No Control,Clear,Daylight,Dry,Non-Fatal Injury,Cyclist Collisions,Cyclist,45 to 49,Major,,East,Bicycle,Going Ahead,,,,,,Cyclist and Driver travelling in same direction. One vehicle sideswipes the other.,Driving Properly,Normal,,Yes,Yes,,,,,,,,,,,24,Black Creek,24,Black Creek (24),D31,618481.549007062,4847835.36960889
1095,80161719,4002168339,5/28/2014 4:00:00 AM,837,BREMNER BLVD,GRAND TRUNK CRES,,Minor Arterial,Toronto and East York,43.642623,-79.382777,Non Intersection,No Control,Clear,Daylight,Dry,Non-Fatal Injury,Cyclist Collisions,Driver,65 to 69,Major,,East,"Automobile, Station Wagon",Going Ahead,Improper Passing,Normal,,,,,,,,Yes,Yes,,,,,,,Yes,,,,165,Harbourfront-CityPlace,77,Waterfront Communities-The Island (77),D52,630436.277892784,4833450.70329871
1096,80161720,4002168339,5/28/2014 4:00:00 AM,837,BREMNER BLVD,GRAND TRUNK CRES,,Minor Arterial,Toronto and East York,43.642623,-79.382777,Non Intersection,No Control,Clear,Daylight,Dry,Non-Fatal Injury,Cyclist Collisions,Cyclist,50 to 54,Major,,East,Bicycle,Going Ahead,,,,,,Cyclist and Driver travelling in same direction. One vehicle rear-ended the other.,Driving Properly,Normal,,Yes,Yes,,,,,,,Yes,,,,165,Harbourfront-CityPlace,77,Waterfront Communities-The Island (77),D52,630436.277892784,4833450.70329871
1097,80162397,4002199584,6/1/2014 4:00:00 AM,1822,DUNDAS ST W,PACIFIC AVE,,Major Arterial,Toronto and East York,43.665461,-79.469447,Non Intersection,No Control,Clear,Daylight,Dry,Non-Fatal Injury,Cyclist Collisions,Driver,60 to 64,None,,West,"Automobile, Station Wagon",Going Ahead,Driving Properly,Normal,,,,,,,,Yes,Yes,,,,,,,,,,,90,Junction Area,90,Junction Area (90),D11,623399.102851285,4835854.59963319
1098,80162398,4002199584,6/1/2014 4:00:00 AM,1822,DUNDAS ST W,PACIFIC AVE,,Major Arterial,Toronto and East York,43.665461,-79.469447,Non Intersection,No Control,Clear,Daylight,Dry,Non-Fatal Injury,Cyclist Collisions,Other,unknown,,,,,,,,,,,,,,,Yes,Yes,,,,,,,,,,,90,Junction Area,90,Junction Area (90),D11,623399.102851285,4835854.59963319
1099,80162399,4002199584,6/1/2014 4:00:00 AM,1822,DUNDAS ST W,PACIFIC AVE,,Major Arterial,Toronto and East York,43.665461,-79.469447,Non Intersection,No Control,Clear,Daylight,Dry,Non-Fatal Injury,Cyclist Collisions,Cyclist,45 to 49,Major,,West,Bicycle,Going Ahead,,,,,,Cyclist and Driver travelling in same direction. One vehicle rear-ended the other.,Lost control,Normal,,Yes,Yes,,,,,,,,,,,90,Junction Area,90,Junction Area (90),D11,623399.102851285,4835854.59963319
1100,80163970,4002291464,6/14/2014 4:00:00 AM,1930,92 DUNCANWOODS DR,,,Collector,Etobicoke York,43.75064,-79.562839,At/Near Private Drive,No Control,Clear,Daylight,Dry,Non-Fatal Injury,Cyclist Collisions,Driver,75 to 79,None,,North,"Automobile, Station Wagon",Going Ahead,Failed to Yield Right of Way,Inattentive,,,,,,,,Yes,Yes,,,,,,,Yes,,,,21,Humber Summit,21,Humber Summit (21),D31,615705.417440294,4845180.22503928
1101,80163971,4002291464,6/14/2014 4:00:00 AM,1930,92 DUNCANWOODS DR,,,Collector,Etobicoke York,43.75064,-79.562839,At/Near Private Drive,No Control,Clear,Daylight,Dry,Non-Fatal Injury,Cyclist Collisions,Cyclist,5 to 9,Major,,West,Bicycle,Going Ahead,,,,,,"Motorist without ROW drives into path of cyclist at inter, lnwy, dwy-Driver not turn.",Driving Properly,Normal,,Yes,Yes,,,,,,,Yes,,,,21,Humber Summit,21,Humber Summit (21),D31,615705.417440294,4845180.22503928
1102,80164240,4000008445,6/17/2014 4:00:00 AM,1050,5450 LAWRENCE AVE E,,,Minor Arterial,Scarborough,43.778929,-79.139507,At/Near Private Drive,No Control,Clear,Daylight,Dry,Non-Fatal Injury,Cyclist Collisions,Driver,70 to 74,None,,South,"Automobile, Station Wagon",Going Ahead,Failed to Yield Right of Way,Normal,,,,,,,,Yes,Yes,,,,,,,Yes,,,,133,Centennial Scarborough,133,Centennial Scarborough (133),D43,649717.550196979,4849000.61008912
1103,80164241,4000008445,6/17/2014 4:00:00 AM,1050,5450 LAWRENCE AVE E,,,Minor Arterial,Scarborough,43.778929,-79.139507,At/Near Private Drive,No Control,Clear,Daylight,Dry,Non-Fatal Injury,Cyclist Collisions,Cyclist,15 to 19,Major,,East,Bicycle,Going Ahead,,,,,,"Motorist without ROW drives into path of cyclist at inter, lnwy, dwy-Driver not turn.",Driving Properly,Normal,,Yes,Yes,,,,,,,Yes,,,,133,Centennial Scarborough,133,Centennial Scarborough (133),D43,649717.550196979,4849000.61008912
1104,80164629,4008024139,6/19/2014 4:00:00 AM,1600,STEELES AVE W,SHALE GT,,Major Arterial,North York,43.783209,-79.487293,At Intersection,Traffic Signal,Clear,Daylight,Dry,Non-Fatal Injury,Cyclist Collisions,Driver,40 to 44,None,,East,"Automobile, Station Wagon",Turning Right,Failed to Yield Right of Way,Inattentive,,,,,,,,Yes,Yes,,,,,,,Yes,,,,27,York University Heights,27,York University Heights (27),D31,621721.573746267,4848905.79619707
1105,80164630,4008024139,6/19/2014 4:00:00 AM,1600,STEELES AVE W,SHALE GT,,Major Arterial,North York,43.783209,-79.487293,At Intersection,Traffic Signal,Clear,Daylight,Dry,Non-Fatal Injury,Cyclist Collisions,Cyclist,55 to 59,Major,,North,Bicycle,Going Ahead,,,,,,Motorist turning right on red at signalized intersection strikes cyclist.,Driving Properly,Normal,,Yes,Yes,,,,,,,Yes,,,,27,York University Heights,27,York University Heights (27),D31,621721.573746267,4848905.79619707
1106,80164617,4002366263,6/19/2014 4:00:00 AM,1930,DUNDAS ST W,DOVERCOURT RD,,Minor Arterial,Toronto and East York,43.649428,-79.424739,Non Intersection,No Control,Clear,Daylight,Dry,Non-Fatal Injury,Cyclist Collisions,Passenger,25 to 29,None,,,,,,,,,,,,,,Yes,Yes,,,,,Yes,,Yes,,,,81,Trinity-Bellwoods,81,Trinity-Bellwoods (81),D14,627037.474792331,4834141.39470571
1107,80164618,4002366263,6/19/2014 4:00:00 AM,1930,DUNDAS ST W,DOVERCOURT RD,,Minor Arterial,Toronto and East York,43.649428,-79.424739,Non Intersection,No Control,Clear,Daylight,Dry,Non-Fatal Injury,Cyclist Collisions,Driver,20 to 24,None,,West,"Automobile, Station Wagon",Turning Left,Failed to Yield Right of Way,Normal,,,,,,,,Yes,Yes,,,,,Yes,,Yes,,,,81,Trinity-Bellwoods,81,Trinity-Bellwoods (81),D14,627037.474792331,4834141.39470571
1108,80164619,4002366263,6/19/2014 4:00:00 AM,1930,DUNDAS ST W,DOVERCOURT RD,,Minor Arterial,Toronto and East York,43.649428,-79.424739,Non Intersection,No Control,Clear,Daylight,Dry,Non-Fatal Injury,Cyclist Collisions,Cyclist,25 to 29,Major,,East,Bicycle,Going Ahead,,,,,,Motorist turned left across cyclists path.,Driving Properly,Normal,,Yes,Yes,,,,,Yes,,Yes,,,,81,Trinity-Bellwoods,81,Trinity-Bellwoods (81),D14,627037.474792331,4834141.39470571
1109,80165082,4002352031,6/23/2014 4:00:00 AM,1720,KING ST W,UNIVERSITY AVE,,Major Arterial,Toronto and East York,43.64765,-79.384799,Intersection Related,Traffic Signal,Clear,Daylight,Dry,Non-Fatal Injury,Cyclist Collisions,Truck Driver,60 to 64,None,,East,Truck - Open,Going Ahead,Following too Close,Inattentive,,,,,,,,Yes,,,Yes,,,,,Yes,,,,170,Yonge-Bay Corridor,76,Bay Street Corridor (76),D52,630262.326891196,4834005.84126017
1110,80165083,4002352031,6/23/2014 4:00:00 AM,1720,KING ST W,UNIVERSITY AVE,,Major Arterial,Toronto and East York,43.64765,-79.384799,Intersection Related,Traffic Signal,Clear,Daylight,Dry,Non-Fatal Injury,Cyclist Collisions,Cyclist,15 to 19,Major,,East,,Going Ahead,,,,,,Cyclist and Driver travelling in same direction. One vehicle rear-ended the other.,Driving Properly,Unknown,,Yes,,,Yes,,,,,Yes,,,,170,Yonge-Bay Corridor,76,Bay Street Corridor (76),D52,630262.326891196,4834005.84126017
1111,80167138,4002478309,7/11/2014 4:00:00 AM,1918,VICTORIA PARK AVE,GLENCREST BLVD,,Major Arterial,Toronto and East York,43.708121,-79.29568,At Intersection,No Control,Clear,Daylight,Dry,Non-Fatal Injury,Cyclist Collisions,Driver,50 to 54,None,,South,"Automobile, Station Wagon",Going Ahead,Driving Properly,Normal,,,,,,,,Yes,Yes,,,,,,,,,,,120,Clairlea-Birchmount,120,Clairlea-Birchmount (120),D41,637311.649469014,4840865.73030806
1112,80167139,4002478309,7/11/2014 4:00:00 AM,1918,VICTORIA PARK AVE,GLENCREST BLVD,,Major Arterial,Toronto and East York,43.708121,-79.29568,At Intersection,No Control,Clear,Daylight,Dry,Non-Fatal Injury,Cyclist Collisions,Cyclist,60 to 64,Major,,South,Bicycle,Turning Left,,,,,,Cyclist turned left across motorists path.,Improper Turn,Inattentive,,Yes,Yes,,,,,,,,,,,120,Clairlea-Birchmount,120,Clairlea-Birchmount (120),D41,637311.649469014,4840865.73030806
1113,80213502,4002496866,7/14/2014 4:00:00 AM,1716,YONGE ST,ELLERSLIE AVE,,Major Arterial,North York,43.771983,-79.413562,At Intersection,No Control,Clear,Daylight,Dry,Non-Fatal Injury,Turning Movement,Driver,35 to 39,None,,North,"Automobile, Station Wagon",Turning Left,Failed to Yield Right of Way,Normal,,,,,,,,Yes,Yes,,,,,Yes,,Yes,,,,151,Yonge-Doris,51,Willowdale East (51),D32,627678.358385461,4847770.02851266
1114,80213503,4002496866,7/14/2014 4:00:00 AM,1716,YONGE ST,ELLERSLIE AVE,,Major Arterial,North York,43.771983,-79.413562,At Intersection,No Control,Clear,Daylight,Dry,Non-Fatal Injury,Turning Movement,Moped Driver,40 to 44,Major,,South,Moped,Going Ahead,Driving Properly,Normal,,,,,,,,Yes,Yes,,,,,Yes,,Yes,,,,151,Yonge-Doris,51,Willowdale East (51),D32,627678.358385461,4847770.02851266
1115,80213504,4002496866,7/14/2014 4:00:00 AM,1716,YONGE ST,ELLERSLIE AVE,,Major Arterial,North York,43.771983,-79.413562,At Intersection,No Control,Clear,Daylight,Dry,Non-Fatal Injury,Turning Movement,Passenger,5 to 9,None,,,,,,,,,,,,,,Yes,Yes,,,,,Yes,,Yes,,,,151,Yonge-Doris,51,Willowdale East (51),D32,627678.358385461,4847770.02851266
1116,80213505,4002496866,7/14/2014 4:00:00 AM,1716,YONGE ST,ELLERSLIE AVE,,Major Arterial,North York,43.771983,-79.413562,At Intersection,No Control,Clear,Daylight,Dry,Non-Fatal Injury,Turning Movement,Passenger,5 to 9,None,,,,,,,,,,,,,,Yes,Yes,,,,,Yes,,Yes,,,,151,Yonge-Doris,51,Willowdale East (51),D32,627678.358385461,4847770.02851266
1117,80631117,4002525835,7/18/2014 4:00:00 AM,2240,GERRARD ST E,PEMBROKE ST,,Minor Arterial,Toronto and East York,43.660868,-79.373523,At Intersection,No Control,Clear,Dark,Dry,Non-Fatal Injury,Cyclist Collisions,Cyclist,25 to 29,Major,,South,Bicycle,Going Ahead,,,,,,"Cyclist without ROW rides into path of motorist at inter, lnwy, dwy-Cyclist not turn.",Failed to Yield Right of Way,Had Been Drinking,,Yes,Yes,,,,,Yes,,Yes,,,,73,Moss Park,73,Moss Park (73),D51,631142.945446042,4835491.63598507
1118,80631118,4002525835,7/18/2014 4:00:00 AM,2240,GERRARD ST E,PEMBROKE ST,,Minor Arterial,Toronto and East York,43.660868,-79.373523,At Intersection,No Control,Clear,Dark,Dry,Non-Fatal Injury,Cyclist Collisions,Driver,25 to 29,None,,West,"Automobile, Station Wagon",Going Ahead,Driving Properly,Normal,,,,,,,,Yes,Yes,,,,,Yes,,Yes,,,,73,Moss Park,73,Moss Park (73),D51,631142.945446042,4835491.63598507
1119,80631119,4002525835,7/18/2014 4:00:00 AM,2240,GERRARD ST E,PEMBROKE ST,,Minor Arterial,Toronto and East York,43.660868,-79.373523,At Intersection,No Control,Clear,Dark,Dry,Non-Fatal Injury,Cyclist Collisions,Passenger,25 to 29,None,,,,,,,,,,,,,,Yes,Yes,,,,,Yes,,Yes,,,,73,Moss Park,73,Moss Park (73),D51,631142.945446042,4835491.63598507
1120,80167945,4002524694,7/18/2014 4:00:00 AM,2340,3900 JANE ST,,,Major Arterial,Etobicoke York,43.756663,-79.517566,At/Near Private Drive,No Control,Clear,Daylight,Dry,Non-Fatal Injury,Cyclist Collisions,Driver,35 to 39,None,,East,"Automobile, Station Wagon",Going Ahead,Other,Unknown,,,,,,,,Yes,Yes,,,,,,,,,,,25,Glenfield-Jane Heights,25,Glenfield-Jane Heights (25),D31,619338.388286325,4845913.40069915
1121,80167946,4002524694,7/18/2014 4:00:00 AM,2340,3900 JANE ST,,,Major Arterial,Etobicoke York,43.756663,-79.517566,At/Near Private Drive,No Control,Clear,Daylight,Dry,Non-Fatal Injury,Cyclist Collisions,Cyclist,30 to 34,Major,,Unknown,Bicycle,Unknown,,,,,,"Motorist without ROW drives into path of cyclist at inter, lnwy, dwy-Driver not turn.",Other,Unknown,,Yes,Yes,,,,,,,,,,,25,Glenfield-Jane Heights,25,Glenfield-Jane Heights (25),D31,619338.388286325,4845913.40069915
1122,80169132,4002596710,7/29/2014 4:00:00 AM,1630,DUNDAS ST E,BROADVIEW AVE,,Major Arterial,Toronto and East York,43.662455,-79.35136,At Intersection,Traffic Signal,Clear,Daylight,Dry,Non-Fatal Injury,Cyclist Collisions,Driver,50 to 54,None,,East,"Automobile, Station Wagon",Going Ahead,Improper Passing,Normal,,,,,,,,Yes,Yes,,,,,,,Yes,,,,70,South Riverdale,70,South Riverdale (70),D55,632926.466681317,4835703.1644879
1123,80169133,4002596710,7/29/2014 4:00:00 AM,1630,DUNDAS ST E,BROADVIEW AVE,,Major Arterial,Toronto and East York,43.662455,-79.35136,At Intersection,Traffic Signal,Clear,Daylight,Dry,Non-Fatal Injury,Cyclist Collisions,Cyclist,40 to 44,Major,,East,Bicycle,Going Ahead,,,,,,Cyclist and Driver travelling in same direction. One vehicle sideswipes the other.,Driving Properly,Normal,,Yes,Yes,,,,,,,Yes,,,,70,South Riverdale,70,South Riverdale (70),D55,632926.466681317,4835703.1644879
1124,80169237,4002604819,7/30/2014 4:00:00 AM,2312,EGLINTON AVE E,BANFF RD,,Major Arterial,North York,43.710009,-79.382236,Intersection Related,Traffic Signal,Clear,"Dark, artificial",Dry,Non-Fatal Injury,Cyclist Collisions,Driver,25 to 29,None,,East,"Automobile, Station Wagon",Going Ahead,Driving Properly,Normal,,,,,,,,Yes,Yes,,,,,,,,,,,99,Mount Pleasant East,99,Mount Pleasant East (99),D53,630333.941776397,4840935.68406556
1125,80169238,4002604819,7/30/2014 4:00:00 AM,2312,EGLINTON AVE E,BANFF RD,,Major Arterial,North York,43.710009,-79.382236,Intersection Related,Traffic Signal,Clear,"Dark, artificial",Dry,Non-Fatal Injury,Cyclist Collisions,Cyclist,55 to 59,Major,,South,Bicycle,Going Ahead,,,,,,"Cyclist without ROW rides into path of motorist at inter, lnwy, dwy-Cyclist not turn.",Disobeyed Traffic Control,Normal,,Yes,Yes,,,,,,,,,,,99,Mount Pleasant East,99,Mount Pleasant East (99),D53,630333.941776397,4840935.68406556
1126,80485493,4002616805,8/1/2014 4:00:00 AM,1722,SHEPPARD AVE E,NEILSON RD,,Major Arterial,Scarborough,43.798106,-79.21767,Intersection Related,Traffic Signal,Clear,Daylight,Dry,Fatal,Cyclist Collisions,Driver,15 to 19,None,,West,"Automobile, Station Wagon",Going Ahead,Speed too Fast For Condition,Normal,,,,,,,,Yes,Yes,,,,,,Yes,Yes,,,,146,Malvern East,132,Malvern (132),D42,643381.676138168,4850992.1303521
1127,80485494,4002616805,8/1/2014 4:00:00 AM,1722,SHEPPARD AVE E,NEILSON RD,,Major Arterial,Scarborough,43.798106,-79.21767,Intersection Related,Traffic Signal,Clear,Daylight,Dry,Fatal,Cyclist Collisions,Cyclist,15 to 19,Fatal,18,North,Bicycle,Going Ahead,,,,,,"Motorist without ROW drives into path of cyclist at inter, lnwy, dwy-Driver not turn.",Driving Properly,Inattentive,,Yes,Yes,,,,,,Yes,Yes,,,,146,Malvern East,132,Malvern (132),D42,643381.676138168,4850992.1303521
1128,80485495,4002616805,8/1/2014 4:00:00 AM,1722,SHEPPARD AVE E,NEILSON RD,,Major Arterial,Scarborough,43.798106,-79.21767,Intersection Related,Traffic Signal,Clear,Daylight,Dry,Fatal,Cyclist Collisions,Driver,50 to 54,None,,North,"Automobile, Station Wagon",Going Ahead,Speed too Fast For Condition,Inattentive,,,,,,,,Yes,Yes,,,,,,Yes,Yes,,,,146,Malvern East,132,Malvern (132),D42,643381.676138168,4850992.1303521
1129,80169465,4002616859,8/1/2014 4:00:00 AM,1730,WESTLAKE AVE,WESTBROOK AVE,,Local,Toronto and East York,43.693019,-79.307636,At Intersection,Stop Sign,Clear,Daylight,Dry,Non-Fatal Injury,Cyclist Collisions,Driver,65 to 69,None,,South,"Automobile, Station Wagon",Going Ahead,Driving Properly,Normal,,,,,,,,Yes,Yes,,,,,,,,,,,60,Woodbine-Lumsden,60,Woodbine-Lumsden (60),D55,636382.620037451,4839168.70321616
1130,80169466,4002616859,8/1/2014 4:00:00 AM,1730,WESTLAKE AVE,WESTBROOK AVE,,Local,Toronto and East York,43.693019,-79.307636,At Intersection,Stop Sign,Clear,Daylight,Dry,Non-Fatal Injury,Cyclist Collisions,Cyclist,25 to 29,Major,,West,Bicycle,Going Ahead,,,,,,"Cyclist without ROW rides into path of motorist at inter, lnwy, dwy-Cyclist not turn.",Disobeyed Traffic Control,Normal,,Yes,Yes,,,,,,,,,,,60,Woodbine-Lumsden,60,Woodbine-Lumsden (60),D55,636382.620037451,4839168.70321616