OBJECTID,INDEX,ACCNUM,DATE,TIME,STREET1,STREET2,OFFSET,ROAD_CLASS,DISTRICT,LATITUDE,LONGITUDE,ACCLOC,TRAFFCTL,VISIBILITY,LIGHT,RDSFCOND,ACCLASS,IMPACTYPE,INVTYPE,INVAGE,INJURY,FATAL_NO,INITDIR,VEHTYPE,MANOEUVER,DRIVACT,DRIVCOND,PEDTYPE,PEDACT,PEDCOND,CYCLISTYPE,CYCACT,CYCCOND,PEDESTRIAN,CYCLIST,AUTOMOBILE,MOTORCYCLE,TRUCK,TRSN_CITY_VEH,EMERG_VEH,PASSENGER,SPEEDING,AG_DRIV,REDLIGHT,ALCOHOL,DISABILITY,HOOD_158,NEIGHBOURHOOD_158,HOOD_140,NEIGHBOURHOOD_140,DIVISION,x,y
1453,80780968,,8/18/2017 4:00:00 AM,1055,FAYWOOD  BLVD,WILSON  AVE,1 m South of,Major Arterial,North York,43.734683,-79.446399,At Intersection,Stop Sign,Clear,Daylight,Dry,Non-Fatal Injury,Cyclist Collisions,Driver,45 to 49,None,,South,"Automobile, Station Wagon",Turning Right,Failed to Yield Right of Way,Inattentive,,,,,,,,Yes,Yes,,,,,,,Yes,,,,33,Clanton Park,33,Clanton Park (33),D32,625113.278515919,4843577.20087607
1454,80780969,,8/18/2017 4:00:00 AM,1055,FAYWOOD  BLVD,WILSON  AVE,1 m South of,Major Arterial,North York,43.734683,-79.446399,At Intersection,Stop Sign,Clear,Daylight,Dry,Non-Fatal Injury,Cyclist Collisions,Cyclist,55 to 59,Major,,West,Bicycle,Going Ahead,,,,,,"Motorist turns right at non-signal Inter.(stop, yield, no cont.,and dwy) and strikes cyclist.",Driving Properly,Normal,,Yes,Yes,,,,,,,Yes,,,,33,Clanton Park,33,Clanton Park (33),D32,625113.278515919,4843577.20087607
1455,80920030,,8/21/2017 4:00:00 AM,1634,SPADINA CRES,RUSSELL ST,30 m South o,Major Arterial,Toronto and East York,43.659789,-79.399905,At Intersection,No Control,Clear,Daylight,Dry,Non-Fatal Injury,Cyclist Collisions,Cyclist,35 to 39,Major,,North,Bicycle,Going Ahead,,,,,,Cyclist and Driver travelling in same direction. One vehicle sideswipes the other.,Driving Properly,Unknown,,Yes,Yes,,,,,,Yes,Yes,,,,79,University,79,University (79),D52,629018.052127066,4835330.43628215
1456,80920031,,8/21/2017 4:00:00 AM,1634,SPADINA CRES,RUSSELL ST,30 m South o,Major Arterial,Toronto and East York,43.659789,-79.399905,At Intersection,No Control,Clear,Daylight,Dry,Non-Fatal Injury,Cyclist Collisions,Driver,25 to 29,None,,North,Delivery Van,Going Ahead,Other,Unknown,,,,,,,,Yes,Yes,,,,,,Yes,Yes,,,,79,University,79,University (79),D52,629018.052127066,4835330.43628215
1457,80894961,,8/23/2017 4:00:00 AM,1010,MAIN ST,GERRARD  ST E,,Minor Arterial,Toronto and East York,43.683879,-79.300121,At Intersection,Traffic Signal,Clear,Daylight,Dry,Non-Fatal Injury,Cyclist Collisions,Driver,45 to 49,None,,South,"Automobile, Station Wagon",Going Ahead,Driving Properly,Normal,,,,,,,,Yes,Yes,,,,,,,,,,,62,East End-Danforth,62,East End-Danforth (62),D55,637009.047915946,4838165.96635204
1458,80894962,,8/23/2017 4:00:00 AM,1010,MAIN ST,GERRARD  ST E,,Minor Arterial,Toronto and East York,43.683879,-79.300121,At Intersection,Traffic Signal,Clear,Daylight,Dry,Non-Fatal Injury,Cyclist Collisions,Cyclist,25 to 29,Major,,East,Bicycle,Going Ahead,,,,,,"Cyclist without ROW rides into path of motorist at inter, lnwy, dwy-Cyclist not turn.",Driving Properly,Normal,,Yes,Yes,,,,,,,,,,,62,East End-Danforth,62,East End-Danforth (62),D55,637009.047915946,4838165.96635204
1459,80895726,,8/30/2017 4:00:00 AM,1703,WELLESLEY ST W,QUEENS PARK CRES E,3 m East of,Major Arterial,Toronto and East York,43.663512,-79.390605,At Intersection,Traffic Signal,Clear,Daylight,Dry,Non-Fatal Injury,Cyclist Collisions,Cyclist,40 to 44,Major,,West,Bicycle,Going Ahead,,,,,,Motorist turning right on green or amber at signalized intersection strikes cyclist.,Driving Properly,Normal,,Yes,,,Yes,,,,,,,,,169,Bay-Cloverhill,76,Bay Street Corridor (76),D52,629759.911988531,4835758.42847183
1460,80895727,,8/30/2017 4:00:00 AM,1703,WELLESLEY ST W,QUEENS PARK CRES E,3 m East of,Major Arterial,Toronto and East York,43.663512,-79.390605,At Intersection,Traffic Signal,Clear,Daylight,Dry,Non-Fatal Injury,Cyclist Collisions,Truck Driver,55 to 59,None,,West,Truck - Dump,Turning Right,Improper Turn,Inattentive,,,,,,,,Yes,,,Yes,,,,,,,,,169,Bay-Cloverhill,76,Bay Street Corridor (76),D52,629759.911988531,4835758.42847183
1461,80781828,,8/31/2017 4:00:00 AM,2141,YONGE ST,YONGE BLVD,,Major Arterial,North York,43.73429,-79.404529,At Intersection,Traffic Controller,Clear,"Daylight, artificial",Dry,Non-Fatal Injury,Cyclist Collisions,Driver,20 to 24,None,,East,Pick Up Truck,Turning Right,Improper Turn,Normal,,,,,,,,Yes,Yes,,,,,,,,,,,41,Bridle Path-Sunnybrook-York Mills,41,Bridle Path-Sunnybrook-York Mills (41),D32,628485.98954178,4843597.62760381
1462,80781829,,8/31/2017 4:00:00 AM,2141,YONGE ST,YONGE BLVD,,Major Arterial,North York,43.73429,-79.404529,At Intersection,Traffic Controller,Clear,"Daylight, artificial",Dry,Non-Fatal Injury,Cyclist Collisions,Cyclist,20 to 24,Major,,North,Bicycle,Going Ahead,,,,,,Motorist turning right on red at signalized intersection strikes cyclist.,Improper Passing,Normal,,Yes,Yes,,,,,,,,,,,41,Bridle Path-Sunnybrook-York Mills,41,Bridle Path-Sunnybrook-York Mills (41),D32,628485.98954178,4843597.62760381
1463,80783754,,9/6/2017 4:00:00 AM,2040,GERRARD ST E,HANNAFORD ST,,Minor Arterial,Toronto and East York,43.685328,-79.293407,At Intersection,No Control,Clear,"Dark, artificial",Dry,Non-Fatal Injury,Cyclist Collisions,Driver,55 to 59,None,,West,"Automobile, Station Wagon",Turning Left,Improper Turn,Normal,,,,,,,,Yes,Yes,,,,,,,,,,,62,East End-Danforth,62,East End-Danforth (62),D55,637546.886206947,4838338.01213607
1464,80783755,,9/6/2017 4:00:00 AM,2040,GERRARD ST E,HANNAFORD ST,,Minor Arterial,Toronto and East York,43.685328,-79.293407,At Intersection,No Control,Clear,"Dark, artificial",Dry,Non-Fatal Injury,Cyclist Collisions,Cyclist,30 to 34,Major,,East,Bicycle,Going Ahead,,,,,,Motorist turned left across cyclists path.,Driving Properly,Normal,,Yes,Yes,,,,,,,,,,,62,East End-Danforth,62,East End-Danforth (62),D55,637546.886206947,4838338.01213607
1465,80782081,,9/8/2017 4:00:00 AM,1505,BALLIOL ST,BAYVIEW AVE,,Major Arterial,North York,43.701991,-79.373752,At Intersection,Stop Sign,Clear,Daylight,Dry,Non-Fatal Injury,Cyclist Collisions,Driver,35 to 39,None,,East,Passenger Van,Turning Right,Failed to Yield Right of Way,Inattentive,,,,,,,,Yes,Yes,,,,,,,Yes,,,,56,Leaside-Bennington,56,Leaside-Bennington (56),D53,631034.924991737,4840058.54631469
1466,80782082,,9/8/2017 4:00:00 AM,1505,BALLIOL ST,BAYVIEW AVE,,Major Arterial,North York,43.701991,-79.373752,At Intersection,Stop Sign,Clear,Daylight,Dry,Non-Fatal Injury,Cyclist Collisions,Cyclist,50 to 54,Major,,North,Bicycle,Going Ahead,,,,,,"Motorist turns right at non-signal Inter.(stop, yield, no cont.,and dwy) and strikes cyclist.",Driving Properly,Normal,,Yes,Yes,,,,,,,Yes,,,,56,Leaside-Bennington,56,Leaside-Bennington (56),D53,631034.924991737,4840058.54631469
1467,80782535,,9/12/2017 4:00:00 AM,844,COSBURN AVE,LESMOUNT AVE,,Minor Arterial,Toronto and East York,43.691332,-79.340617,At Intersection,No Control,Clear,Daylight,Dry,Non-Fatal Injury,Cyclist Collisions,Truck Driver,45 to 49,None,,West,"Truck - Closed (Blazer, etc)",Turning Right,Improper Turn,Normal,,,,,,,,Yes,,,Yes,,,,,,,,,59,Danforth East York,59,Danforth East York (59),D55,633728.498580074,4838927.61962049
1468,80782536,,9/12/2017 4:00:00 AM,844,COSBURN AVE,LESMOUNT AVE,,Minor Arterial,Toronto and East York,43.691332,-79.340617,At Intersection,No Control,Clear,Daylight,Dry,Non-Fatal Injury,Cyclist Collisions,Cyclist,35 to 39,Major,,West,Bicycle,Going Ahead,,,,,,"Motorist turns right at non-signal Inter.(stop, yield, no cont.,and dwy) and strikes cyclist.",Driving Properly,Normal,,Yes,,,Yes,,,,,,,,,59,Danforth East York,59,Danforth East York (59),D55,633728.498580074,4838927.61962049
1469,80782764,,9/13/2017 4:00:00 AM,105,BLOOR ST W,BRUNSWICK AVE,,Major Arterial,Toronto and East York,43.665908,-79.407436,At Intersection,Traffic Signal,Clear,"Dark, artificial",Dry,Non-Fatal Injury,Cyclist Collisions,Cyclist,20 to 24,Major,,West,Bicycle,Making U Turn,,,,,,Cyclist makes u-turn in-front of driver.,Improper Turn,Had Been Drinking,,Yes,,Yes,,,,,,,,,,79,University,79,University (79),D14,628397.765108397,4835998.34931721
1470,80782765,,9/13/2017 4:00:00 AM,105,BLOOR ST W,BRUNSWICK AVE,,Major Arterial,Toronto and East York,43.665908,-79.407436,At Intersection,Traffic Signal,Clear,"Dark, artificial",Dry,Non-Fatal Injury,Cyclist Collisions,Motorcycle Driver,20 to 24,None,,East,Motorcycle,Going Ahead,Driving Properly,Normal,,,,,,,,Yes,,Yes,,,,,,,,,,79,University,79,University (79),D14,628397.765108397,4835998.34931721
1471,80892785,,9/17/2017 4:00:00 AM,2358,LAKE SHORE BLVD W,REMEMBRANCE DR,,Major Arterial,Toronto and East York,43.630351,-79.419742,At Intersection,Traffic Signal,Clear,"Dark, artificial",Dry,Non-Fatal Injury,Cyclist Collisions,Cyclist,25 to 29,Major,,West,Bicycle,Going Ahead,,,,,,Motorist turning right on red at signalized intersection strikes cyclist.,Driving Properly,Normal,,Yes,Yes,,,,,,,,,,,163,Fort York-Liberty Village,82,Niagara (82),D14,627480.802255084,4832030.310841
1472,80892786,,9/17/2017 4:00:00 AM,2358,LAKE SHORE BLVD W,REMEMBRANCE DR,,Major Arterial,Toronto and East York,43.630351,-79.419742,At Intersection,Traffic Signal,Clear,"Dark, artificial",Dry,Non-Fatal Injury,Cyclist Collisions,Driver,45 to 49,None,,North,Passenger Van,Turning Right,Improper Turn,Normal,,,,,,,,Yes,Yes,,,,,,,,,,,163,Fort York-Liberty Village,82,Niagara (82),D14,627480.802255084,4832030.310841
1473,80783390,,9/18/2017 4:00:00 AM,2019,LAKE SHORE BLVD W,BRITISH COLUMBIA RD,1 m West of,Major Arterial,Toronto and East York,43.631358,-79.429141,At Intersection,Traffic Signal,Clear,"Dark, artificial",Dry,Non-Fatal Injury,Cyclist Collisions,Cyclist,15 to 19,Major,,South,Bicycle,Going Ahead,,,,,,"Cyclist without ROW rides into path of motorist at inter, lnwy, dwy-Cyclist not turn.",Disobeyed Traffic Control,Normal,,Yes,Yes,,,,,,,,,,,85,South Parkdale,85,South Parkdale (85),D14,626720.452748981,4832127.76043965
1474,80783391,,9/18/2017 4:00:00 AM,2019,LAKE SHORE BLVD W,BRITISH COLUMBIA RD,1 m West of,Major Arterial,Toronto and East York,43.631358,-79.429141,At Intersection,Traffic Signal,Clear,"Dark, artificial",Dry,Non-Fatal Injury,Cyclist Collisions,Driver,60 to 64,None,,West,"Automobile, Station Wagon",Going Ahead,Driving Properly,Normal,,,,,,,,Yes,Yes,,,,,,,,,,,85,South Parkdale,85,South Parkdale (85),D14,626720.452748981,4832127.76043965
1475,80933889,,9/24/2017 4:00:00 AM,1255,DUFFERIN ST,HOPEWELL AVE,1 m South of,Major Arterial,North York,43.698622,-79.451267,At Intersection,Stop Sign,Clear,Daylight,Dry,Non-Fatal Injury,Cyclist Collisions,Driver,60 to 64,None,,West,"Automobile, Station Wagon",Turning Right,Driving Properly,Normal,,,,,,,,Yes,Yes,,,,,,,,,,,108,Briar Hill-Belgravia,108,Briar Hill-Belgravia (108),D13,624796.084906128,4839564.77812977
1476,80933890,,9/24/2017 4:00:00 AM,1255,DUFFERIN ST,HOPEWELL AVE,1 m South of,Major Arterial,North York,43.698622,-79.451267,At Intersection,Stop Sign,Clear,Daylight,Dry,Non-Fatal Injury,Cyclist Collisions,Cyclist,30 to 34,Major,,South,Bicycle,Going Ahead,,,,,,"Cyclist without ROW rides into path of motorist at inter, lnwy, dwy-Cyclist not turn.",Failed to Yield Right of Way,Normal,,Yes,Yes,,,,,,,,,,,108,Briar Hill-Belgravia,108,Briar Hill-Belgravia (108),D13,624796.084906128,4839564.77812977
1477,80784053,,10/1/2017 4:00:00 AM,1615,DAVENPORT RD,DOVERCOURT ROAD,,Minor Arterial,Toronto and East York,43.674288,-79.434612,At Intersection,No Control,Clear,Daylight,Dry,Non-Fatal Injury,Cyclist Collisions,Driver,40 to 44,None,,West,"Automobile, Station Wagon",Turning Left,Improper Turn,Normal,,,,,,,,Yes,Yes,,,,,,,,,,,94,Wychwood,94,Wychwood (94),D13,626189.162369118,4836887.35901719
1478,80784054,,10/1/2017 4:00:00 AM,1615,DAVENPORT RD,DOVERCOURT ROAD,,Minor Arterial,Toronto and East York,43.674288,-79.434612,At Intersection,No Control,Clear,Daylight,Dry,Non-Fatal Injury,Cyclist Collisions,Cyclist,45 to 49,Major,,East,Bicycle,Going Ahead,,,,,,Motorist turned left across cyclists path.,Driving Properly,Normal,,Yes,Yes,,,,,,,,,,,94,Wychwood,94,Wychwood (94),D13,626189.162369118,4836887.35901719
1479,80784057,,10/1/2017 4:00:00 AM,1815,BLOOR ST W,SPADINA AVE,,Major Arterial,Toronto and East York,43.666583,-79.403827,At Intersection,Traffic Signal,Clear,Daylight,Dry,Non-Fatal Injury,Cyclist Collisions,Cyclist,20 to 24,Major,,East,Bicycle,Overtaking,,,,,,Motorist turning right on green or amber at signalized intersection strikes cyclist.,Failed to Yield Right of Way,Inattentive,,Yes,,,Yes,,,Yes,,,,,,79,University,79,University (79),D14,628687.295151883,4836078.90902801
1480,80784058,,10/1/2017 4:00:00 AM,1815,BLOOR ST W,SPADINA AVE,,Major Arterial,Toronto and East York,43.666583,-79.403827,At Intersection,Traffic Signal,Clear,Daylight,Dry,Non-Fatal Injury,Cyclist Collisions,Truck Driver,25 to 29,None,,East,Truck - Open,Turning Right,Driving Properly,Normal,,,,,,,,Yes,,,Yes,,,Yes,,,,,,79,University,79,University (79),D14,628687.295151883,4836078.90902801
1481,80784059,,10/1/2017 4:00:00 AM,1815,BLOOR ST W,SPADINA AVE,,Major Arterial,Toronto and East York,43.666583,-79.403827,At Intersection,Traffic Signal,Clear,Daylight,Dry,Non-Fatal Injury,Cyclist Collisions,Passenger,20 to 24,None,,,,,,,,,,,,,,Yes,,,Yes,,,Yes,,,,,,79,University,79,University (79),D14,628687.295151883,4836078.90902801
1482,80784060,,10/1/2017 4:00:00 AM,1815,BLOOR ST W,SPADINA AVE,,Major Arterial,Toronto and East York,43.666583,-79.403827,At Intersection,Traffic Signal,Clear,Daylight,Dry,Non-Fatal Injury,Cyclist Collisions,Passenger,20 to 24,None,,,,,,,,,,,,,,Yes,,,Yes,,,Yes,,,,,,79,University,79,University (79),D14,628687.295151883,4836078.90902801
1483,80784027,,10/4/2017 4:00:00 AM,830,KENNEDY RD,FOXRIDGE DR,,Major Arterial,Scarborough,43.724085,-79.264446,At Intersection,No Control,Clear,Daylight,Dry,Non-Fatal Injury,Cyclist Collisions,Driver,80 to 84,None,,North,"Automobile, Station Wagon",Turning Left,Failed to Yield Right of Way,Inattentive,,,,,,,,Yes,Yes,,,,,,,Yes,,,,124,Kennedy Park,124,Kennedy Park (124),D41,639790.976015181,4842690.97857165
1484,80784028,,10/4/2017 4:00:00 AM,830,KENNEDY RD,FOXRIDGE DR,,Major Arterial,Scarborough,43.724085,-79.264446,At Intersection,No Control,Clear,Daylight,Dry,Non-Fatal Injury,Cyclist Collisions,Cyclist,30 to 34,Major,,South,Bicycle,Going Ahead,,,,,,Motorist turned left across cyclists path.,Driving Properly,Normal,,Yes,Yes,,,,,,,Yes,,,,124,Kennedy Park,124,Kennedy Park (124),D41,639790.976015181,4842690.97857165
1485,80784301,,10/4/2017 4:00:00 AM,1147,BLOOR ST W,SPADINA RD,,Major Arterial,Toronto and East York,43.666583,-79.403827,At Intersection,Traffic Signal,Clear,Daylight,Dry,Non-Fatal Injury,Cyclist Collisions,Cyclist,25 to 29,None,,West,Bicycle,Overtaking,,,,,,Cyclist and Driver travelling in same direction. One vehicle sideswipes the other.,Improper Passing,Other,,Yes,Yes,,,,,,,,,,,79,University,79,University (79),D14,628687.295151883,4836078.90902801
1486,80784302,,10/4/2017 4:00:00 AM,1147,BLOOR ST W,SPADINA RD,,Major Arterial,Toronto and East York,43.666583,-79.403827,At Intersection,Traffic Signal,Clear,Daylight,Dry,Non-Fatal Injury,Cyclist Collisions,Driver,35 to 39,None,,West,"Automobile, Station Wagon",Going Ahead,Driving Properly,Normal,,,,,,,,Yes,Yes,,,,,,,,,,,79,University,79,University (79),D14,628687.295151883,4836078.90902801
1487,80784303,,10/4/2017 4:00:00 AM,1147,BLOOR ST W,SPADINA RD,,Major Arterial,Toronto and East York,43.666583,-79.403827,At Intersection,Traffic Signal,Clear,Daylight,Dry,Non-Fatal Injury,Cyclist Collisions,Cyclist,50 to 54,Major,,West,Bicycle,Going Ahead,,,,,,Cyclist and Driver travelling in same direction. One vehicle sideswipes the other.,Driving Properly,Normal,,Yes,Yes,,,,,,,,,,,79,University,79,University (79),D14,628687.295151883,4836078.90902801
1488,80784510,,10/18/2017 4:00:00 AM,906,COWAN AVE,KING  ST W,,Major Arterial,Toronto and East York,43.63795,-79.431827,At Intersection,Stop Sign,Clear,Daylight,Dry,Fatal,Cyclist Collisions,Cyclist,35 to 39,Fatal,50,East,Bicycle,Going Ahead,,,,,,"Motorist without ROW drives into path of cyclist at inter, lnwy, dwy-Driver not turn.",Driving Properly,Normal,,Yes,Yes,,,Yes,,,,Yes,,,,85,South Parkdale,85,South Parkdale (85),D14,626489.941340441,4832855.78909353
1489,80784511,,10/18/2017 4:00:00 AM,906,COWAN AVE,KING  ST W,,Major Arterial,Toronto and East York,43.63795,-79.431827,At Intersection,Stop Sign,Clear,Daylight,Dry,Fatal,Cyclist Collisions,Driver,25 to 29,None,,South,Pick Up Truck,Going Ahead,Failed to Yield Right of Way,Normal,,,,,,,,Yes,Yes,,,Yes,,,,Yes,,,,85,South Parkdale,85,South Parkdale (85),D14,626489.941340441,4832855.78909353
1490,80784512,,10/18/2017 4:00:00 AM,906,COWAN AVE,KING  ST W,,Major Arterial,Toronto and East York,43.63795,-79.431827,At Intersection,Stop Sign,Clear,Daylight,Dry,Fatal,Cyclist Collisions,Driver,50 to 54,None,,West,Street Car,Going Ahead,Driving Properly,Normal,,,,,,,,Yes,Yes,,,Yes,,,,Yes,,,,85,South Parkdale,85,South Parkdale (85),D14,626489.941340441,4832855.78909353
1491,80911902,,10/21/2017 4:00:00 AM,2200,45 CUMMER  AVE,,,Minor Arterial,North York,43.787329,-79.415561,Non Intersection,No Control,Clear,"Dark, artificial",Dry,Non-Fatal Injury,Cyclist Collisions,Cyclist,30 to 34,Major,,East,Bicycle,Going Ahead,,,,,,Cyclist and Driver travelling in same direction. One vehicle rear-ended the other.,Driving Properly,Unknown,,Yes,Yes,,,,,,,,,,,50,Newtonbrook East,50,Newtonbrook East (50),D32,627484.85597672,4849471.35695606
1492,80911903,,10/21/2017 4:00:00 AM,2200,45 CUMMER  AVE,,,Minor Arterial,North York,43.787329,-79.415561,Non Intersection,No Control,Clear,"Dark, artificial",Dry,Non-Fatal Injury,Cyclist Collisions,Driver,unknown,None,,East,"Automobile, Station Wagon",Going Ahead,Lost control,Unknown,,,,,,,,Yes,Yes,,,,,,,,,,,50,Newtonbrook East,50,Newtonbrook East (50),D32,627484.85597672,4849471.35695606
1493,80918691,,10/27/2017 4:00:00 AM,2031,FINCH  AVE W,KIPLING  AVE,,Major Arterial,Etobicoke York,43.743193,-79.582073,At Intersection,Traffic Signal,Clear,Dark,Dry,Non-Fatal Injury,Cyclist Collisions,Cyclist,30 to 34,Minor,,West,Bicycle,Going Ahead,,,,,,Cyclist and Driver travelling in same direction. One vehicle rear-ended the other.,Other,Normal,,Yes,Yes,,,,,,,,,,,3,Thistletown-Beaumond Heights,3,Thistletown-Beaumond Heights (3),D23,614171.039667631,4844326.44261269
1494,80918692,,10/27/2017 4:00:00 AM,2031,FINCH  AVE W,KIPLING  AVE,,Major Arterial,Etobicoke York,43.743193,-79.582073,At Intersection,Traffic Signal,Clear,Dark,Dry,Non-Fatal Injury,Cyclist Collisions,Driver,45 to 49,Major,,South,"Automobile, Station Wagon",Going Ahead,Driving Properly,Normal,,,,,,,,Yes,Yes,,,,,,,,,,,3,Thistletown-Beaumond Heights,3,Thistletown-Beaumond Heights (3),D23,614171.039667631,4844326.44261269
1495,80935880,,11/8/2017 5:00:00 AM,1838,TRETHEWEY DR,IRVING RD,20 m North o,Minor Arterial,Etobicoke York,43.692324,-79.477252,Non Intersection,No Control,Clear,"Dark, artificial",Dry,Non-Fatal Injury,Cyclist Collisions,Cyclist,55 to 59,Major,,West,Bicycle,Going Ahead,,,,,,Cyclist and Driver travelling in same direction. One vehicle rear-ended the other.,Driving Properly,Normal,,Yes,Yes,,,,,,,Yes,,,,112,Beechborough-Greenbrook,112,Beechborough-Greenbrook (112),D12,622715.054542244,4838826.51585746
1496,80935881,,11/8/2017 5:00:00 AM,1838,TRETHEWEY DR,IRVING RD,20 m North o,Minor Arterial,Etobicoke York,43.692324,-79.477252,Non Intersection,No Control,Clear,"Dark, artificial",Dry,Non-Fatal Injury,Cyclist Collisions,Driver,60 to 64,None,,West,"Automobile, Station Wagon",Going Ahead,Improper Passing,Inattentive,,,,,,,,Yes,Yes,,,,,,,Yes,,,,112,Beechborough-Greenbrook,112,Beechborough-Greenbrook (112),D12,622715.054542244,4838826.51585746
1497,80901586,,11/23/2017 5:00:00 AM,1856,KINGSTON RD,BALSAM AVE,,Major Arterial,Toronto and East York,43.680293,-79.289165,At Intersection,No Control,Clear,Dark,Dry,Non-Fatal Injury,Cyclist Collisions,Cyclist,55 to 59,Major,,East,Bicycle,Going Ahead,,,,,,Motorist turned left across cyclists path.,Driving Properly,Normal,,Yes,Yes,,,,,,,,,,,63,The Beaches,63,The Beaches (63),D55,637900.32025771,4837785.84983473
1498,80901587,,11/23/2017 5:00:00 AM,1856,KINGSTON RD,BALSAM AVE,,Major Arterial,Toronto and East York,43.680293,-79.289165,At Intersection,No Control,Clear,Dark,Dry,Non-Fatal Injury,Cyclist Collisions,Driver,15 to 19,None,,West,"Automobile, Station Wagon",Turning Left,Improper Turn,Inattentive,,,,,,,,Yes,Yes,,,,,,,,,,,63,The Beaches,63,The Beaches (63),D55,637900.32025771,4837785.84983473
1499,80788857,,11/25/2017 5:00:00 AM,2351,DUNDAS ST W,THE EAST MALL,,Major Arterial,Etobicoke York,43.629279,-79.553577,Non Intersection,No Control,Clear,"Dark, artificial",Dry,Non-Fatal Injury,Cyclist Collisions,Cyclist,35 to 39,None,,West,Bicycle,Changing Lanes,,,,,,"Cyclist without ROW rides into path of motorist at inter, lnwy, dwy-Cyclist not turn.",Improper Lane Change,Normal,,Yes,Yes,,,,,,,,,,,159,Etobicoke City Centre,14,Islington-City Centre West (14),D22,616686.196413238,4831714.43783586
1500,80788858,,11/25/2017 5:00:00 AM,2351,DUNDAS ST W,THE EAST MALL,,Major Arterial,Etobicoke York,43.629279,-79.553577,Non Intersection,No Control,Clear,"Dark, artificial",Dry,Non-Fatal Injury,Cyclist Collisions,Driver,55 to 59,Major,,North,"Automobile, Station Wagon",Going Ahead,Driving Properly,Normal,,,,,,,,Yes,Yes,,,,,,,,,,,159,Etobicoke City Centre,14,Islington-City Centre West (14),D22,616686.196413238,4831714.43783586
1501,80900384,,11/30/2017 5:00:00 AM,1709,WARDEN  AVE,BAMBURGH  CRCL,,Major Arterial,Scarborough,43.811564,-79.323375,At Intersection,Traffic Signal,Rain,Dusk,Wet,Non-Fatal Injury,Cyclist Collisions,Cyclist,60 to 64,Major,,South,Bicycle,Going Ahead,,,,,,Motorist turned left across cyclists path.,Disobeyed Traffic Control,Inattentive,,Yes,Yes,,,,,,,,,,,116,Steeles,116,Steeles (116),D42,634847.734169995,4852309.14724465
1502,80900385,,11/30/2017 5:00:00 AM,1709,WARDEN  AVE,BAMBURGH  CRCL,,Major Arterial,Scarborough,43.811564,-79.323375,At Intersection,Traffic Signal,Rain,Dusk,Wet,Non-Fatal Injury,Cyclist Collisions,Driver,60 to 64,None,,North,"Automobile, Station Wagon",Turning Left,Improper Turn,Inattentive,,,,,,,,Yes,Yes,,,,,,,,,,,116,Steeles,116,Steeles (116),D42,634847.734169995,4852309.14724465
1503,80937445,,12/15/2017 5:00:00 AM,757,BAMBURGH CRCL,FUNDY BAY  BLVD,50 m East of,Collector,Scarborough,43.812712,-79.321346,Non Intersection,No Control,Clear,Daylight,Wet,Non-Fatal Injury,Cyclist Collisions,Driver,85 to 89,None,,North,"Automobile, Station Wagon",Going Ahead,Other,Normal,,,,,,,,Yes,Yes,,,,,,,,,,,116,Steeles,116,Steeles (116),D42,635008.337499043,4852439.96008713
1504,80937446,,12/15/2017 5:00:00 AM,757,BAMBURGH CRCL,FUNDY BAY  BLVD,50 m East of,Collector,Scarborough,43.812712,-79.321346,Non Intersection,No Control,Clear,Daylight,Wet,Non-Fatal Injury,Cyclist Collisions,Cyclist,65 to 69,Major,,North,Bicycle,Going Ahead,,,,,,Cyclist and Driver travelling in same direction. One vehicle sideswipes the other.,Driving Properly,Unknown,,Yes,Yes,,,,,,,,,,,116,Steeles,116,Steeles (116),D42,635008.337499043,4852439.96008713
1505,80790888,,12/20/2017 5:00:00 AM,1139,COLLEGE ST,OSSINGTON AVE,,Major Arterial,Toronto and East York,43.654326,-79.422664,At Intersection,Traffic Signal,Other,Daylight,Other,Fatal,Cyclist Collisions,Cyclist,45 to 49,Fatal,60,West,Bicycle,Other,,,,,,Insufficient information (to determine cyclist crash type).,Driving Properly,Other,,Yes,,,Yes,,,,,,,,,81,Trinity-Bellwoods,81,Trinity-Bellwoods (81),D14,627194.475525631,4834688.56000643
1506,80790889,,12/20/2017 5:00:00 AM,1139,COLLEGE ST,OSSINGTON AVE,,Major Arterial,Toronto and East York,43.654326,-79.422664,At Intersection,Traffic Signal,Other,Daylight,Other,Fatal,Cyclist Collisions,Truck Driver,50 to 54,None,,West,Truck (other),Going Ahead,Driving Properly,Unknown,,,,,,,,Yes,,,Yes,,,,,,,,,81,Trinity-Bellwoods,81,Trinity-Bellwoods (81),D14,627194.475525631,4834688.56000643