OBJECTID,INDEX,ACCNUM,DATE,TIME,STREET1,STREET2,OFFSET,ROAD_CLASS,DISTRICT,LATITUDE,LONGITUDE,ACCLOC,TRAFFCTL,VISIBILITY,LIGHT,RDSFCOND,ACCLASS,IMPACTYPE,INVTYPE,INVAGE,INJURY,FATAL_NO,INITDIR,VEHTYPE,MANOEUVER,DRIVACT,DRIVCOND,PEDTYPE,PEDACT,PEDCOND,CYCLISTYPE,CYCACT,CYCCOND,PEDESTRIAN,CYCLIST,AUTOMOBILE,MOTORCYCLE,TRUCK,TRSN_CITY_VEH,EMERG_VEH,PASSENGER,SPEEDING,AG_DRIV,REDLIGHT,ALCOHOL,DISABILITY,HOOD_158,NEIGHBOURHOOD_158,HOOD_140,NEIGHBOURHOOD_140,DIVISION,x,y
1615,81262776,,5/24/2019 4:00:00 AM,1100,KING ST E,BRIGHT ST,,Major Arterial,Toronto and East York,43.655188,-79.358905,At Intersection,Stop Sign,Clear,Daylight,Dry,Non-Fatal Injury,Cyclist Collisions,Cyclist,55 to 59,Major,,East,Bicycle,Going Ahead,,,,,,"Motorist turns right at non-signal Inter.(stop, yield, no cont.,and dwy) and strikes cyclist.",Driving Properly,Normal,,Yes,Yes,,,,,,,Yes,,,,73,Moss Park,73,Moss Park (73),D51,632334.085801155,4834884.00628109
1616,81513262,,5/26/2019 4:00:00 AM,910,SIMCOE ST,PEARL ST,,Collector,Toronto and East York,43.647936,-79.386333,At Intersection,No Control,Clear,Daylight,Dry,Non-Fatal Injury,Cyclist Collisions,Driver,unknown,None,,South,"Automobile, Station Wagon",Turning Right,Failed to Yield Right of Way,Inattentive,,,,,,,,Yes,Yes,,,,,,,Yes,,,,170,Yonge-Bay Corridor,76,Bay Street Corridor (76),D52,630137.99429786,4834035.19858623
1617,81513263,,5/26/2019 4:00:00 AM,910,SIMCOE ST,PEARL ST,,Collector,Toronto and East York,43.647936,-79.386333,At Intersection,No Control,Clear,Daylight,Dry,Non-Fatal Injury,Cyclist Collisions,Cyclist,20 to 24,Major,,South,Bicycle,Going Ahead,,,,,,"Motorist turns right at non-signal Inter.(stop, yield, no cont.,and dwy) and strikes cyclist.",Driving Properly,Normal,,Yes,Yes,,,,,,,Yes,,,,170,Yonge-Bay Corridor,76,Bay Street Corridor (76),D52,630137.99429786,4834035.19858623
1618,81513274,,5/26/2019 4:00:00 AM,1757,CARLTON ST,BERKELEY ST,1 m West of,Minor Arterial,Toronto and East York,43.663993,-79.369281,At Intersection,Stop Sign,Clear,Daylight,Dry,Non-Fatal Injury,Cyclist Collisions,Driver,25 to 29,None,,North,"Automobile, Station Wagon",Turning Left,Failed to Yield Right of Way,Inattentive,,,,,,,,Yes,Yes,,,,,,,Yes,,,,73,Moss Park,71,Cabbagetown-South St.James Town (71),D51,631478.160022947,4835845.42288923
1619,81513275,,5/26/2019 4:00:00 AM,1757,CARLTON ST,BERKELEY ST,1 m West of,Minor Arterial,Toronto and East York,43.663993,-79.369281,At Intersection,Stop Sign,Clear,Daylight,Dry,Non-Fatal Injury,Cyclist Collisions,Driver,60 to 64,None,,West,"Automobile, Station Wagon",Going Ahead,Driving Properly,Normal,,,,,,,,Yes,Yes,,,,,,,Yes,,,,73,Moss Park,71,Cabbagetown-South St.James Town (71),D51,631478.160022947,4835845.42288923
1620,81513276,,5/26/2019 4:00:00 AM,1757,CARLTON ST,BERKELEY ST,1 m West of,Minor Arterial,Toronto and East York,43.663993,-79.369281,At Intersection,Stop Sign,Clear,Daylight,Dry,Non-Fatal Injury,Cyclist Collisions,Cyclist,30 to 34,Major,,East,Bicycle,Going Ahead,,,,,,Motorist loses control and strikes cyclist.,Driving Properly,Normal,,Yes,Yes,,,,,,,Yes,,,,73,Moss Park,71,Cabbagetown-South St.James Town (71),D51,631478.160022947,4835845.42288923
1621,81242056,,6/1/2019 4:00:00 AM,1515,BLOOR ST W,KEELE ST,,Major Arterial,North York,43.654635,-79.460002,At Intersection,Traffic Signal,Clear,Daylight,Dry,Non-Fatal Injury,Cyclist Collisions,Driver,60 to 64,None,,East,"Automobile, Station Wagon",Turning Left,Failed to Yield Right of Way,Normal,,,,,,,,Yes,Yes,,,,,,,Yes,,,,87,High Park-Swansea,87,High Park-Swansea (87),D11,624182.91877129,4834666.32247409
1622,81242057,,6/1/2019 4:00:00 AM,1515,BLOOR ST W,KEELE ST,,Major Arterial,North York,43.654635,-79.460002,At Intersection,Traffic Signal,Clear,Daylight,Dry,Non-Fatal Injury,Cyclist Collisions,Cyclist,30 to 34,Major,,West,Bicycle,Going Ahead,,,,,,Motorist turned left across cyclists path.,Driving Properly,Normal,,Yes,Yes,,,,,,,Yes,,,,87,High Park-Swansea,87,High Park-Swansea (87),D11,624182.91877129,4834666.32247409
1623,81269751,,6/1/2019 4:00:00 AM,1827,DUNDAS ST W,ANNETTE ST,,Major Arterial,Toronto and East York,43.664412,-79.458736,At Intersection,Traffic Signal,Clear,Daylight,Dry,Non-Fatal Injury,Cyclist Collisions,Cyclist,15 to 19,Major,,North,Bicycle,Turning Left,,,,,,Cyclist turned left across motorists path.,Improper Turn,Normal,,Yes,Yes,,,,,,,,,,,90,Junction Area,90,Junction Area (90),D11,624264.837354901,4835754.0816308
1624,81269752,,6/1/2019 4:00:00 AM,1827,DUNDAS ST W,ANNETTE ST,,Major Arterial,Toronto and East York,43.664412,-79.458736,At Intersection,Traffic Signal,Clear,Daylight,Dry,Non-Fatal Injury,Cyclist Collisions,Driver,25 to 29,None,,South,"Automobile, Station Wagon",Going Ahead,Driving Properly,Normal,,,,,,,,Yes,Yes,,,,,,,,,,,90,Junction Area,90,Junction Area (90),D11,624264.837354901,4835754.0816308
1625,81321753,,6/3/2019 4:00:00 AM,1936,LAKE SHORE BLVD W,NEWFOUNDLAND RD,,Major Arterial,Scarborough,43.63238,-79.410854,At Intersection,Traffic Signal,Clear,Daylight,Dry,Non-Fatal Injury,Cyclist Collisions,Driver,20 to 24,Major,,East,"Automobile, Station Wagon",Turning Right,Failed to Yield Right of Way,Normal,,,,,,,,Yes,Yes,,,,,,,Yes,,,,163,Fort York-Liberty Village,82,Niagara (82),D14,628193.498570428,4832269.34417186
1626,81321754,,6/3/2019 4:00:00 AM,1936,LAKE SHORE BLVD W,NEWFOUNDLAND RD,,Major Arterial,Scarborough,43.63238,-79.410854,At Intersection,Traffic Signal,Clear,Daylight,Dry,Non-Fatal Injury,Cyclist Collisions,Cyclist,25 to 29,Minimal,,East,Bicycle,Going Ahead,,,,,,Motorist turning right on green or amber at signalized intersection strikes cyclist.,Driving Properly,Normal,,Yes,Yes,,,,,,,Yes,,,,163,Fort York-Liberty Village,82,Niagara (82),D14,628193.498570428,4832269.34417186
1627,81269873,,6/15/2019 4:00:00 AM,48,QUEEN ST W,DUFFERIN ST,,Major Arterial,Toronto and East York,43.642134,-79.4286,At Intersection,Traffic Signal,Clear,"Dark, artificial",Dry,Non-Fatal Injury,Cyclist Collisions,Driver,20 to 24,None,,West,"Automobile, Station Wagon",Turning Left,Failed to Yield Right of Way,Normal,,,,,,,,Yes,Yes,,,,,,,Yes,,,,85,South Parkdale,85,South Parkdale (85),D14,626741.438477796,4833325.39857407
1628,81269874,,6/15/2019 4:00:00 AM,48,QUEEN ST W,DUFFERIN ST,,Major Arterial,Toronto and East York,43.642134,-79.4286,At Intersection,Traffic Signal,Clear,"Dark, artificial",Dry,Non-Fatal Injury,Cyclist Collisions,Cyclist,45 to 49,Major,,East,Bicycle,Going Ahead,,,,,,Motorist turned left across cyclists path.,Driving Properly,Normal,,Yes,Yes,,,,,,,Yes,,,,85,South Parkdale,85,South Parkdale (85),D14,626741.438477796,4833325.39857407
1629,81270536,,6/16/2019 4:00:00 AM,1710,EVANS AVE,HORNER AVE,,Major Arterial,Etobicoke York,43.616923,-79.518802,At Intersection,Traffic Signal,Clear,Daylight,Dry,Non-Fatal Injury,Cyclist Collisions,Cyclist,50 to 54,Major,,East,Bicycle,Going Ahead,,,,,,"Cyclist without ROW rides into path of motorist at inter, lnwy, dwy-Cyclist not turn.",Disobeyed Traffic Control,Normal,,Yes,Yes,,,,,,,,,,,160,Mimico-Queensway,17,Mimico (includes Humber Bay Shores) (17),D22,619516.077933839,4830391.61698286
1630,81270537,,6/16/2019 4:00:00 AM,1710,EVANS AVE,HORNER AVE,,Major Arterial,Etobicoke York,43.616923,-79.518802,At Intersection,Traffic Signal,Clear,Daylight,Dry,Non-Fatal Injury,Cyclist Collisions,Driver,70 to 74,None,,North,"Automobile, Station Wagon",Going Ahead,Driving Properly,Normal,,,,,,,,Yes,Yes,,,,,,,,,,,160,Mimico-Queensway,17,Mimico (includes Humber Bay Shores) (17),D22,619516.077933839,4830391.61698286
1631,81456283,,6/19/2019 4:00:00 AM,925,BIRCHMOUNT RD,FOXRIDGE DR,,Minor Arterial,Scarborough,43.721755,-79.274471,At Intersection,Traffic Signal,Clear,Daylight,Dry,Non-Fatal Injury,Cyclist Collisions,Cyclist,20 to 24,Major,,North,Bicycle,Changing Lanes,,,,,,Cyclist and Driver travelling in same direction. One vehicle sideswipes the other.,Improper Lane Change,Normal,,Yes,Yes,,,,,Yes,,,,,,124,Kennedy Park,124,Kennedy Park (124),D41,638988.886617657,4842415.33550959
1632,81456284,,6/19/2019 4:00:00 AM,925,BIRCHMOUNT RD,FOXRIDGE DR,,Minor Arterial,Scarborough,43.721755,-79.274471,At Intersection,Traffic Signal,Clear,Daylight,Dry,Non-Fatal Injury,Cyclist Collisions,Driver,25 to 29,None,,North,"Automobile, Station Wagon",Going Ahead,Driving Properly,Normal,,,,,,,,Yes,Yes,,,,,Yes,,,,,,124,Kennedy Park,124,Kennedy Park (124),D41,638988.886617657,4842415.33550959
1633,81456285,,6/19/2019 4:00:00 AM,925,BIRCHMOUNT RD,FOXRIDGE DR,,Minor Arterial,Scarborough,43.721755,-79.274471,At Intersection,Traffic Signal,Clear,Daylight,Dry,Non-Fatal Injury,Cyclist Collisions,Passenger,20 to 24,Minimal,,,,,,,,,,,,,,Yes,Yes,,,,,Yes,,,,,,124,Kennedy Park,124,Kennedy Park (124),D41,638988.886617657,4842415.33550959
1634,81333195,,6/25/2019 4:00:00 AM,1609,NORTHLAND AVE,WESTON RD,,Major Arterial,Etobicoke York,43.678828,-79.474033,At Intersection,Traffic Signal,Clear,Daylight,Dry,Non-Fatal Injury,Cyclist Collisions,Driver,50 to 54,Minimal,,East,Pick Up Truck,Turning Left,Driving Properly,Normal,,,,,,,,Yes,Yes,,,,,,,,,,,90,Junction Area,90,Junction Area (90),D12,623002.049046109,4837332.371409
1635,81333196,,6/25/2019 4:00:00 AM,1609,NORTHLAND AVE,WESTON RD,,Major Arterial,Etobicoke York,43.678828,-79.474033,At Intersection,Traffic Signal,Clear,Daylight,Dry,Non-Fatal Injury,Cyclist Collisions,Cyclist,10 to 14,Major,,West,Bicycle,Going Ahead,,,,,,"Cyclist without ROW rides into path of motorist at inter, lnwy, dwy-Cyclist not turn.",Other,Normal,,Yes,Yes,,,,,,,,,,,90,Junction Area,90,Junction Area (90),D12,623002.049046109,4837332.371409
1636,81278245,,6/28/2019 4:00:00 AM,1222,ADELAIDE ST E,BERKELEY ST,1 m West of,Major Arterial,Toronto and East York,43.652915,-79.364742,At Intersection,Traffic Signal,Clear,Daylight,Dry,Non-Fatal Injury,Cyclist Collisions,Cyclist,60 to 64,Major,,East,Bicycle,Turning Left,,,,,,Cyclist turned left across motorists path.,Improper Turn,Normal,,Yes,Yes,,,,,Yes,,,,,,73,Moss Park,73,Moss Park (73),D51,631868.373525856,4834622.26696452
1637,81278246,,6/28/2019 4:00:00 AM,1222,ADELAIDE ST E,BERKELEY ST,1 m West of,Major Arterial,Toronto and East York,43.652915,-79.364742,At Intersection,Traffic Signal,Clear,Daylight,Dry,Non-Fatal Injury,Cyclist Collisions,Driver,25 to 29,None,,East,"Automobile, Station Wagon",Going Ahead,Driving Properly,Normal,,,,,,,,Yes,Yes,,,,,Yes,,,,,,73,Moss Park,73,Moss Park (73),D51,631868.373525856,4834622.26696452
1638,81278247,,6/28/2019 4:00:00 AM,1222,ADELAIDE ST E,BERKELEY ST,1 m West of,Major Arterial,Toronto and East York,43.652915,-79.364742,At Intersection,Traffic Signal,Clear,Daylight,Dry,Non-Fatal Injury,Cyclist Collisions,Passenger,25 to 29,None,,,,,,,,,,,,,,Yes,Yes,,,,,Yes,,,,,,73,Moss Park,73,Moss Park (73),D51,631868.373525856,4834622.26696452
1639,81278248,,6/28/2019 4:00:00 AM,1222,ADELAIDE ST E,BERKELEY ST,1 m West of,Major Arterial,Toronto and East York,43.652915,-79.364742,At Intersection,Traffic Signal,Clear,Daylight,Dry,Non-Fatal Injury,Cyclist Collisions,Passenger,25 to 29,None,,,,,,,,,,,,,,Yes,Yes,,,,,Yes,,,,,,73,Moss Park,73,Moss Park (73),D51,631868.373525856,4834622.26696452
1640,81271057,,7/3/2019 4:00:00 AM,735,DAVENPORT RD,HECTOR AVE,,Minor Arterial,Toronto and East York,43.67525,-79.424037,At Intersection,No Control,Clear,"Daylight, artificial",Dry,Non-Fatal Injury,Cyclist Collisions,Driver,40 to 44,None,,West,"Automobile, Station Wagon",Turning Left,Failed to Yield Right of Way,Inattentive,,,,,,,,Yes,Yes,,,,,,,Yes,,,,94,Wychwood,94,Wychwood (94),D13,627039.61325514,4837010.34405228
1641,81271058,,7/3/2019 4:00:00 AM,735,DAVENPORT RD,HECTOR AVE,,Minor Arterial,Toronto and East York,43.67525,-79.424037,At Intersection,No Control,Clear,"Daylight, artificial",Dry,Non-Fatal Injury,Cyclist Collisions,Cyclist,45 to 49,Major,,East,Bicycle,Going Ahead,,,,,,Motorist turned left across cyclists path.,Driving Properly,Normal,,Yes,Yes,,,,,,,Yes,,,,94,Wychwood,94,Wychwood (94),D13,627039.61325514,4837010.34405228
1642,81473258,,7/20/2019 4:00:00 AM,135,BLOOR ST W,BALMUTO ST,28 m West of,Major Arterial,Toronto and East York,43.669802,-79.388393,Non Intersection,No Control,Clear,"Dark, artificial",Dry,Non-Fatal Injury,Cyclist Collisions,Driver,35 to 39,None,,West,"Automobile, Station Wagon",Going Ahead,Driving Properly,Normal,,,,,,,,Yes,Yes,,,,,,,,,,,169,Bay-Cloverhill,76,Bay Street Corridor (76),D52,629924.688683102,4836460.47925824
1643,81473259,,7/20/2019 4:00:00 AM,135,BLOOR ST W,BALMUTO ST,28 m West of,Major Arterial,Toronto and East York,43.669802,-79.388393,Non Intersection,No Control,Clear,"Dark, artificial",Dry,Non-Fatal Injury,Cyclist Collisions,Cyclist,40 to 44,Major,,West,Bicycle,Merging,,,,,,Cyclist and Driver travelling in same direction. One vehicle sideswipes the other.,,,,Yes,Yes,,,,,,,,,,,169,Bay-Cloverhill,76,Bay Street Corridor (76),D52,629924.688683102,4836460.47925824
1644,81331260,,7/26/2019 4:00:00 AM,1436,THE QUEENSWAY,VIBE RD,20 m West of,Major Arterial,Etobicoke York,43.621604,-79.523433,At Intersection,No Control,Clear,Daylight,Dry,Non-Fatal Injury,Cyclist Collisions,Cyclist,50 to 54,Major,,West,Bicycle,Turning Left,,,,,,Cyclist turned left across motorists path.,Improper Turn,Normal,,Yes,Yes,,,,,Yes,,,,,,159,Etobicoke City Centre,14,Islington-City Centre West (14),D22,619133.160213742,4830904.84415777
1645,81331261,,7/26/2019 4:00:00 AM,1436,THE QUEENSWAY,VIBE RD,20 m West of,Major Arterial,Etobicoke York,43.621604,-79.523433,At Intersection,No Control,Clear,Daylight,Dry,Non-Fatal Injury,Cyclist Collisions,Driver,35 to 39,None,,East,"Automobile, Station Wagon",Going Ahead,Driving Properly,Normal,,,,,,,,Yes,Yes,,,,,Yes,,,,,,159,Etobicoke City Centre,14,Islington-City Centre West (14),D22,619133.160213742,4830904.84415777
1646,81331262,,7/26/2019 4:00:00 AM,1436,THE QUEENSWAY,VIBE RD,20 m West of,Major Arterial,Etobicoke York,43.621604,-79.523433,At Intersection,No Control,Clear,Daylight,Dry,Non-Fatal Injury,Cyclist Collisions,Cyclist Passenger,25 to 29,Major,,,,,,,,,,,,,,Yes,Yes,,,,,Yes,,,,,,159,Etobicoke City Centre,14,Islington-City Centre West (14),D22,619133.160213742,4830904.84415777
1647,81322216,,7/29/2019 4:00:00 AM,1937,GERRARD ST E,CARLAW AVE,,Minor Arterial,Toronto and East York,43.667624,-79.342769,At Intersection,Traffic Signal,Clear,Daylight,Dry,Non-Fatal Injury,Cyclist Collisions,Cyclist,55 to 59,Major,,East,Bicycle,Going Ahead,,,,,,"Cyclist without ROW rides into path of motorist at inter, lnwy, dwy-Cyclist not turn.",Disobeyed Traffic Control,Inattentive,,Yes,Yes,,,,,Yes,,,,,,70,South Riverdale,70,South Riverdale (70),D55,633607.681181906,4836291.0521086
1648,81322217,,7/29/2019 4:00:00 AM,1937,GERRARD ST E,CARLAW AVE,,Minor Arterial,Toronto and East York,43.667624,-79.342769,At Intersection,Traffic Signal,Clear,Daylight,Dry,Non-Fatal Injury,Cyclist Collisions,Driver,35 to 39,None,,South,"Automobile, Station Wagon",Going Ahead,Driving Properly,Normal,,,,,,,,Yes,Yes,,,,,Yes,,,,,,70,South Riverdale,70,South Riverdale (70),D55,633607.681181906,4836291.0521086
1649,81322218,,7/29/2019 4:00:00 AM,1937,GERRARD ST E,CARLAW AVE,,Minor Arterial,Toronto and East York,43.667624,-79.342769,At Intersection,Traffic Signal,Clear,Daylight,Dry,Non-Fatal Injury,Cyclist Collisions,Passenger,15 to 19,None,,,,,,,,,,,,,,Yes,Yes,,,,,Yes,,,,,,70,South Riverdale,70,South Riverdale (70),D55,633607.681181906,4836291.0521086
1650,81330172,,7/31/2019 4:00:00 AM,1748,220 DOVERCOURT RD,,,Collector,Toronto and East York,43.647738,-79.424083,Intersection Related,No Control,Clear,Daylight,Dry,Non-Fatal Injury,Cyclist Collisions,Driver,30 to 34,None,,South,Pick Up Truck,Overtaking,Improper Passing,Inattentive,,,,,,,,Yes,Yes,,,,,Yes,,Yes,,,,84,Little Portugal,84,Little Portugal (84),D14,627093.942949543,4833954.702714
1651,81330173,,7/31/2019 4:00:00 AM,1748,220 DOVERCOURT RD,,,Collector,Toronto and East York,43.647738,-79.424083,Intersection Related,No Control,Clear,Daylight,Dry,Non-Fatal Injury,Cyclist Collisions,Cyclist,15 to 19,Major,,South,Bicycle,Going Ahead,,,,,,Cyclist and Driver travelling in same direction. One vehicle sideswipes the other.,Driving Properly,Normal,,Yes,Yes,,,,,Yes,,Yes,,,,84,Little Portugal,84,Little Portugal (84),D14,627093.942949543,4833954.702714
1652,81330174,,7/31/2019 4:00:00 AM,1748,220 DOVERCOURT RD,,,Collector,Toronto and East York,43.647738,-79.424083,Intersection Related,No Control,Clear,Daylight,Dry,Non-Fatal Injury,Cyclist Collisions,Passenger,25 to 29,None,,,,,,,,,,,,,,Yes,Yes,,,,,Yes,,Yes,,,,84,Little Portugal,84,Little Portugal (84),D14,627093.942949543,4833954.702714
1653,81330175,,7/31/2019 4:00:00 AM,1748,220 DOVERCOURT RD,,,Collector,Toronto and East York,43.647738,-79.424083,Intersection Related,No Control,Clear,Daylight,Dry,Non-Fatal Injury,Cyclist Collisions,Passenger,25 to 29,None,,,,,,,,,,,,,,Yes,Yes,,,,,Yes,,Yes,,,,84,Little Portugal,84,Little Portugal (84),D14,627093.942949543,4833954.702714
1654,81330557,,8/3/2019 4:00:00 AM,1435,2929 DUFFERIN ST,,20 m North o,Major Arterial,North York,43.708998,-79.453655,At/Near Private Drive,No Control,Clear,"Daylight, artificial",Dry,Non-Fatal Injury,Cyclist Collisions,Cyclist,35 to 39,Major,,West,Bicycle,Unknown,,,,,,"Cyclist without ROW rides into path of motorist at inter, lnwy, dwy-Cyclist not turn.",Other,Unknown,,Yes,Yes,,,,,,,,,,,31,Yorkdale-Glen Park,31,Yorkdale-Glen Park (31),D13,624582.164942842,4840713.58556613
1655,81330558,,8/3/2019 4:00:00 AM,1435,2929 DUFFERIN ST,,20 m North o,Major Arterial,North York,43.708998,-79.453655,At/Near Private Drive,No Control,Clear,"Daylight, artificial",Dry,Non-Fatal Injury,Cyclist Collisions,Driver,45 to 49,Minimal,,North,"Automobile, Station Wagon",Going Ahead,Driving Properly,Normal,,,,,,,,Yes,Yes,,,,,,,,,,,31,Yorkdale-Glen Park,31,Yorkdale-Glen Park (31),D13,624582.164942842,4840713.58556613
1656,81330386,,8/12/2019 4:00:00 AM,1044,RICHMOND ST W,UNIVERSITY AVE,,Major Arterial,Scarborough,43.650012,-79.386249,At Intersection,Traffic Signal,Clear,Daylight,Dry,Non-Fatal Injury,Cyclist Collisions,Driver,20 to 24,None,,West,Delivery Van,Turning Right,Failed to Yield Right of Way,Inattentive,,,,,,,,Yes,Yes,,,,,,,Yes,,,,170,Yonge-Bay Corridor,76,Bay Street Corridor (76),D52,630140.285168361,4834265.89726564
1657,81330387,,8/12/2019 4:00:00 AM,1044,RICHMOND ST W,UNIVERSITY AVE,,Major Arterial,Scarborough,43.650012,-79.386249,At Intersection,Traffic Signal,Clear,Daylight,Dry,Non-Fatal Injury,Cyclist Collisions,Cyclist,45 to 49,Major,,West,Bicycle,Going Ahead,,,,,,Motorist turning right on green or amber at signalized intersection strikes cyclist.,Driving Properly,Normal,,Yes,Yes,,,,,,,Yes,,,,170,Yonge-Bay Corridor,76,Bay Street Corridor (76),D52,630140.285168361,4834265.89726564
1658,81511578,,8/13/2019 4:00:00 AM,1748,QUEEN ST E,VICTORIA PARK AVE,,Minor Arterial,Toronto and East York,43.674201,-79.28017,At Intersection,No Control,Clear,Daylight,Dry,Non-Fatal Injury,Cyclist Collisions,Driver,80 to 84,Minimal,,East,"Automobile, Station Wagon",Turning Left,Disobeyed Traffic Control,Inattentive,,,,,,,,Yes,Yes,,,,,Yes,,Yes,,,,122,Birchcliffe-Cliffside,122,Birchcliffe-Cliffside (122),D41,638639.392663529,4837124.24444253
1659,81511579,,8/13/2019 4:00:00 AM,1748,QUEEN ST E,VICTORIA PARK AVE,,Minor Arterial,Toronto and East York,43.674201,-79.28017,At Intersection,No Control,Clear,Daylight,Dry,Non-Fatal Injury,Cyclist Collisions,Cyclist,45 to 49,Major,,West,Bicycle,Going Ahead,,,,,,Motorist turned left across cyclists path.,Driving Properly,Normal,,Yes,Yes,,,,,Yes,,Yes,,,,122,Birchcliffe-Cliffside,122,Birchcliffe-Cliffside (122),D41,638639.392663529,4837124.24444253
1660,81511580,,8/13/2019 4:00:00 AM,1748,QUEEN ST E,VICTORIA PARK AVE,,Minor Arterial,Toronto and East York,43.674201,-79.28017,At Intersection,No Control,Clear,Daylight,Dry,Non-Fatal Injury,Cyclist Collisions,Passenger,80 to 84,None,,,,,,,,,,,,,,Yes,Yes,,,,,Yes,,Yes,,,,122,Birchcliffe-Cliffside,122,Birchcliffe-Cliffside (122),D41,638639.392663529,4837124.24444253
1661,81511581,,8/13/2019 4:00:00 AM,1748,QUEEN ST E,VICTORIA PARK AVE,,Minor Arterial,Toronto and East York,43.674201,-79.28017,At Intersection,No Control,Clear,Daylight,Dry,Non-Fatal Injury,Cyclist Collisions,Passenger,65 to 69,None,,,,,,,,,,,,,,Yes,Yes,,,,,Yes,,Yes,,,,122,Birchcliffe-Cliffside,122,Birchcliffe-Cliffside (122),D41,638639.392663529,4837124.24444253
1662,81511582,,8/13/2019 4:00:00 AM,1748,QUEEN ST E,VICTORIA PARK AVE,,Minor Arterial,Toronto and East York,43.674201,-79.28017,At Intersection,No Control,Clear,Daylight,Dry,Non-Fatal Injury,Cyclist Collisions,Passenger,60 to 64,None,,,,,,,,,,,,,,Yes,Yes,,,,,Yes,,Yes,,,,122,Birchcliffe-Cliffside,122,Birchcliffe-Cliffside (122),D41,638639.392663529,4837124.24444253
1663,81511576,,8/31/2019 4:00:00 AM,1746,JOHN GARLAND BLVD,KENDLETON DR,3 m West of,Local,Etobicoke York,43.734889,-79.580325,At Intersection,No Control,Clear,Daylight,Dry,Non-Fatal Injury,Cyclist Collisions,Driver,65 to 69,None,,West,"Automobile, Station Wagon",Turning Right,Failed to Yield Right of Way,Normal,,,,,,,,Yes,Yes,,,,,,,Yes,,,,2,Mount Olive-Silverstone-Jamestown,2,Mount Olive-Silverstone-Jamestown (2),D23,614327.591681384,4843406.57548889
1664,81511577,,8/31/2019 4:00:00 AM,1746,JOHN GARLAND BLVD,KENDLETON DR,3 m West of,Local,Etobicoke York,43.734889,-79.580325,At Intersection,No Control,Clear,Daylight,Dry,Non-Fatal Injury,Cyclist Collisions,Cyclist,55 to 59,Major,,East,Bicycle,Going Ahead,,,,,,"Motorist turns right at non-signal Inter.(stop, yield, no cont.,and dwy) and strikes cyclist.",Driving Properly,Normal,,Yes,Yes,,,,,,,Yes,,,,2,Mount Olive-Silverstone-Jamestown,2,Mount Olive-Silverstone-Jamestown (2),D23,614327.591681384,4843406.57548889
1665,81331851,,9/2/2019 4:00:00 AM,1802,GARRYBROOK DR,HUNTINGWOOD DR,3 m North of,Minor Arterial,Scarborough,43.788966,-79.307216,At Intersection,Stop Sign,Clear,Daylight,Dry,Non-Fatal Injury,Cyclist Collisions,Driver,20 to 24,None,,South,"Automobile, Station Wagon",Turning Right,Failed to Yield Right of Way,Normal,,,,,,,,Yes,Yes,,,,,,,Yes,,,,118,Tam O'Shanter-Sullivan,118,Tam O'Shanter-Sullivan (118),D42,636198.724687214,4849825.74113568
1666,81331852,,9/2/2019 4:00:00 AM,1802,GARRYBROOK DR,HUNTINGWOOD DR,3 m North of,Minor Arterial,Scarborough,43.788966,-79.307216,At Intersection,Stop Sign,Clear,Daylight,Dry,Non-Fatal Injury,Cyclist Collisions,Cyclist,30 to 34,Major,,East,Bicycle,Going Ahead,,,,,,"Motorist turns right at non-signal Inter.(stop, yield, no cont.,and dwy) and strikes cyclist.",Driving Properly,Normal,,Yes,Yes,,,,,,,Yes,,,,118,Tam O'Shanter-Sullivan,118,Tam O'Shanter-Sullivan (118),D42,636198.724687214,4849825.74113568
1667,81451576,,9/3/2019 4:00:00 AM,1903,KING ST W,PORTLAND ST,30 m East of,Major Arterial,Toronto and East York,43.644381,-79.400058,At Intersection,Traffic Signal,Clear,Dark,Dry,Non-Fatal Injury,Cyclist Collisions,Cyclist,45 to 49,Major,,West,Bicycle,Going Ahead,,,,,,Cyclist and Driver travelling in same direction. One vehicle rear-ended the other.,Following too Close,Normal,,Yes,Yes,,,,,,,,,,,164,Wellington Place,77,Waterfront Communities-The Island (77),D14,629038.709337015,4833618.93817121
1668,81451577,,9/3/2019 4:00:00 AM,1903,KING ST W,PORTLAND ST,30 m East of,Major Arterial,Toronto and East York,43.644381,-79.400058,At Intersection,Traffic Signal,Clear,Dark,Dry,Non-Fatal Injury,Cyclist Collisions,Driver,30 to 34,None,,West,"Automobile, Station Wagon",Going Ahead,Driving Properly,Normal,,,,,,,,Yes,Yes,,,,,,,,,,,164,Wellington Place,77,Waterfront Communities-The Island (77),D14,629038.709337015,4833618.93817121
1669,81331273,,9/4/2019 4:00:00 AM,800,1750 VICTORIA PARK AVE,,27 m South o,Major Arterial,North York,43.736197,-79.307407,At/Near Private Drive,No Control,Clear,Daylight,Dry,Non-Fatal Injury,Cyclist Collisions,Driver,55 to 59,Minimal,,East,Pick Up Truck,Turning Right,Failed to Yield Right of Way,Normal,,,,,,,,Yes,Yes,,,,,,,Yes,,,,43,Victoria Village,43,Victoria Village (43),D33,636303.145074928,4843964.62121505