OBJECTID,INDEX,ACCNUM,DATE,TIME,STREET1,STREET2,OFFSET,ROAD_CLASS,DISTRICT,LATITUDE,LONGITUDE,ACCLOC,TRAFFCTL,VISIBILITY,LIGHT,RDSFCOND,ACCLASS,IMPACTYPE,INVTYPE,INVAGE,INJURY,FATAL_NO,INITDIR,VEHTYPE,MANOEUVER,DRIVACT,DRIVCOND,PEDTYPE,PEDACT,PEDCOND,CYCLISTYPE,CYCACT,CYCCOND,PEDESTRIAN,CYCLIST,AUTOMOBILE,MOTORCYCLE,TRUCK,TRSN_CITY_VEH,EMERG_VEH,PASSENGER,SPEEDING,AG_DRIV,REDLIGHT,ALCOHOL,DISABILITY,HOOD_158,NEIGHBOURHOOD_158,HOOD_140,NEIGHBOURHOOD_140,DIVISION,x,y
1776,81432590,2202286,11/20/2020 5:00:00 AM,1643,ROYAL YORK RD,JUDSON ST,,Minor Arterial,Etobicoke York,43.616103,-79.498325,At Intersection,No Control,Clear,Dusk,Dry,Fatal,Cyclist Collisions,Cyclist,55 to 59,Fatal,33,South,Bicycle,Going Ahead,,,,,,"Motorist turns right at non-signal Inter.(stop, yield, no cont.,and dwy) and strikes cyclist.",Driving Properly,Normal,,Yes,,,Yes,,,,,Yes,,,,160,Mimico-Queensway,17,Mimico (includes Humber Bay Shores) (17),D22,621170.003836558,4830330.2221437
1777,81432591,2202286,11/20/2020 5:00:00 AM,1643,ROYAL YORK RD,JUDSON ST,,Minor Arterial,Etobicoke York,43.616103,-79.498325,At Intersection,No Control,Clear,Dusk,Dry,Fatal,Cyclist Collisions,Truck Driver,45 to 49,None,,South,Truck - Tank,Turning Right,Failed to Yield Right of Way,Inattentive,,,,,,,,Yes,,,Yes,,,,,Yes,,,,160,Mimico-Queensway,17,Mimico (includes Humber Bay Shores) (17),D22,621170.003836558,4830330.2221437
1778,81506843,2263377,11/30/2020 5:00:00 AM,1110,BEECROFT RD,LORRAINE DR,,Local,North York,43.777594,-79.417827,At Intersection,Stop Sign,Rain,"Daylight, artificial",Wet,Non-Fatal Injury,Cyclist Collisions,Cyclist,60 to 64,Minimal,,South,Bicycle,Going Ahead,,,,,,"Cyclist without ROW rides into path of motorist at inter, lnwy, dwy-Cyclist not turn.",Other,Normal,,Yes,Yes,,,,,,,,,,,37,Willowdale West,37,Willowdale West (37),D32,627323.19470523,4848386.64792479
1779,81506844,2263377,11/30/2020 5:00:00 AM,1110,BEECROFT RD,LORRAINE DR,,Local,North York,43.777594,-79.417827,At Intersection,Stop Sign,Rain,"Daylight, artificial",Wet,Non-Fatal Injury,Cyclist Collisions,Driver,45 to 49,Major,,East,"Automobile, Station Wagon",Turning Left,Driving Properly,Normal,,,,,,,,Yes,Yes,,,,,,,,,,,37,Willowdale West,37,Willowdale West (37),D32,627323.19470523,4848386.64792479
1780,81432714,2279200,12/2/2020 5:00:00 AM,1829,DUFFERIN ST,SYLVAN AVE,,Major Arterial,Toronto and East York,43.654608,-79.433322,Intersection Related,No Control,Clear,Daylight,Dry,Fatal,Cyclist Collisions,Cyclist,20 to 24,Fatal,34,South,Bicycle,Going Ahead,,,,,,Cyclist and Driver travelling in same direction. One vehicle sideswipes the other.,Driving Properly,Normal,,Yes,Yes,,,,,,,Yes,,,,83,Dufferin Grove,83,Dufferin Grove (83),D14,626334.427516432,4834703.59783746
1781,81432715,2279200,12/2/2020 5:00:00 AM,1829,DUFFERIN ST,SYLVAN AVE,,Major Arterial,Toronto and East York,43.654608,-79.433322,Intersection Related,No Control,Clear,Daylight,Dry,Fatal,Cyclist Collisions,Driver,35 to 39,None,,South,Delivery Van,Going Ahead,Following too Close,Inattentive,,,,,,,,Yes,Yes,,,,,,,Yes,,,,83,Dufferin Grove,83,Dufferin Grove (83),D14,626334.427516432,4834703.59783746
1782,81432716,2279200,12/2/2020 5:00:00 AM,1829,DUFFERIN ST,SYLVAN AVE,,Major Arterial,Toronto and East York,43.654608,-79.433322,Intersection Related,No Control,Clear,Daylight,Dry,Fatal,Cyclist Collisions,Driver,30 to 34,None,,North,"Automobile, Station Wagon",Going Ahead,Other,Inattentive,,,,,,,,Yes,Yes,,,,,,,Yes,,,,83,Dufferin Grove,83,Dufferin Grove (83),D14,626334.427516432,4834703.59783746
1783,81512486,2324390,12/9/2020 5:00:00 AM,1843,MARKHAM RD,PROGRESS AVE,191 m North ,Major Arterial,Scarborough,43.782408,-79.234088,Non Intersection,No Control,Clear,"Dark, artificial",Wet,Non-Fatal Injury,Cyclist Collisions,Driver,35 to 39,None,,East,"Automobile, Station Wagon",Merging,Failed to Yield Right of Way,Inattentive,,,,,,,,Yes,Yes,,,,,,,Yes,,,,142,Woburn North,137,Woburn (137),D43,642098.093705915,4849220.30167763
1784,81512487,2324390,12/9/2020 5:00:00 AM,1843,MARKHAM RD,PROGRESS AVE,191 m North ,Major Arterial,Scarborough,43.782408,-79.234088,Non Intersection,No Control,Clear,"Dark, artificial",Wet,Non-Fatal Injury,Cyclist Collisions,Cyclist,30 to 34,Major,,South,Bicycle,Going Ahead,,,,,,Insufficient information (to determine cyclist crash type).,Driving Properly,Normal,,Yes,Yes,,,,,,,Yes,,,,142,Woburn North,137,Woburn (137),D43,642098.093705915,4849220.30167763
1785,81543165,1000123041,1/20/2021 5:00:00 AM,1157,WOODBINE AVE,O CONNOR DR,,Major Arterial,Toronto and East York,43.700083,-79.318996,Intersection Related,Traffic Signal,Clear,Daylight,Dry,Non-Fatal Injury,Cyclist Collisions,Driver,35 to 39,None,,North,Pick Up Truck,Turning Right,Failed to Yield Right of Way,Unknown,,,,,,,,Yes,Yes,,,,,,,Yes,,,,60,Woodbine-Lumsden,60,Woodbine-Lumsden (60),D55,635451.234349233,4839934.63775082
1786,81543166,1000123041,1/20/2021 5:00:00 AM,1157,WOODBINE AVE,O CONNOR DR,,Major Arterial,Toronto and East York,43.700083,-79.318996,Intersection Related,Traffic Signal,Clear,Daylight,Dry,Non-Fatal Injury,Cyclist Collisions,Cyclist,55 to 59,Major,,North,Bicycle,Turning Right,,,,,,Motorist turning right on red at signalized intersection strikes cyclist.,Failed to Yield Right of Way,Unknown,,Yes,Yes,,,,,,,Yes,,,,60,Woodbine-Lumsden,60,Woodbine-Lumsden (60),D55,635451.234349233,4839934.63775082
1787,81513936,1000474155,3/14/2021 5:00:00 AM,1804,DUNDAS ST W,BATHURST  ST,5 m West of,Major Arterial,Toronto and East York,43.652239,-79.405978,At Intersection,Traffic Signal,Clear,Daylight,Dry,Non-Fatal Injury,Cyclist Collisions,Driver,30 to 34,None,,West,"Automobile, Station Wagon",Going Ahead,Improper Passing,Normal,,,,,,,,Yes,Yes,,,,,,,Yes,,,,78,Kensington-Chinatown,78,Kensington-Chinatown (78),D14,628544.480603792,4834482.483898
1788,81513937,1000474155,3/14/2021 5:00:00 AM,1804,DUNDAS ST W,BATHURST  ST,5 m West of,Major Arterial,Toronto and East York,43.652239,-79.405978,At Intersection,Traffic Signal,Clear,Daylight,Dry,Non-Fatal Injury,Cyclist Collisions,Cyclist,40 to 44,Major,,West,Bicycle,Going Ahead,,,,,,Cyclist and Driver travelling in same direction. One vehicle sideswipes the other.,Driving Properly,Normal,,Yes,Yes,,,,,,,Yes,,,,78,Kensington-Chinatown,78,Kensington-Chinatown (78),D14,628544.480603792,4834482.483898
1789,81546157,1000565882,3/27/2021 4:00:00 AM,2235,HUNTINGWOOD  DR,LEAFIELD  DR,,Minor Arterial,Scarborough,43.780646,-79.323901,Intersection Related,No Control,Clear,"Dark, artificial",Dry,Non-Fatal Injury,Cyclist Collisions,Driver,55 to 59,None,,East,"Automobile, Station Wagon",Turning Left,Improper Turn,Inattentive,,,,,,,,Yes,Yes,,,,,,,,,,,147,L'Amoreaux West,117,L'Amoreaux (117),D42,634874.972345787,4848874.35546088
1790,81546158,1000565882,3/27/2021 4:00:00 AM,2235,HUNTINGWOOD  DR,LEAFIELD  DR,,Minor Arterial,Scarborough,43.780646,-79.323901,Intersection Related,No Control,Clear,"Dark, artificial",Dry,Non-Fatal Injury,Cyclist Collisions,Cyclist,15 to 19,Major,,West,Bicycle,Going Ahead,,,,,,Motorist turned left across cyclists path.,Driving Properly,Normal,,Yes,Yes,,,,,,,,,,,147,L'Amoreaux West,117,L'Amoreaux (117),D42,634874.972345787,4848874.35546088
1791,81515429,1000605999,4/2/2021 4:00:00 AM,1857,LAWRENCE  AVE W,BLACK CREEK  DR,95 m East of,Major Arterial,Etobicoke York,43.705226,-79.492557,At/Near Private Drive,Stop Sign,Clear,Daylight,Dry,Non-Fatal Injury,Cyclist Collisions,Driver,45 to 49,None,,North,"Automobile, Station Wagon",Going Ahead,Failed to Yield Right of Way,Normal,,,,,,,,Yes,Yes,,,,,Yes,,Yes,,,,30,Brookhaven-Amesbury,30,Brookhaven-Amesbury (30),D12,621455.594282537,4840236.92426323
1792,81515430,1000605999,4/2/2021 4:00:00 AM,1857,LAWRENCE  AVE W,BLACK CREEK  DR,95 m East of,Major Arterial,Etobicoke York,43.705226,-79.492557,At/Near Private Drive,Stop Sign,Clear,Daylight,Dry,Non-Fatal Injury,Cyclist Collisions,Cyclist,45 to 49,Major,,West,Bicycle,Going Ahead,,,,,,"Motorist turns right at non-signal Inter.(stop, yield, no cont.,and dwy) and strikes cyclist.",Driving Properly,Normal,,Yes,Yes,,,,,Yes,,Yes,,,,30,Brookhaven-Amesbury,30,Brookhaven-Amesbury (30),D12,621455.594282537,4840236.92426323
1793,81515431,1000605999,4/2/2021 4:00:00 AM,1857,LAWRENCE  AVE W,BLACK CREEK  DR,95 m East of,Major Arterial,Etobicoke York,43.705226,-79.492557,At/Near Private Drive,Stop Sign,Clear,Daylight,Dry,Non-Fatal Injury,Cyclist Collisions,Passenger,40 to 44,None,,,,,,,,,,,,,,Yes,Yes,,,,,Yes,,Yes,,,,30,Brookhaven-Amesbury,30,Brookhaven-Amesbury (30),D12,621455.594282537,4840236.92426323
1794,81577428,1000657323,4/10/2021 4:00:00 AM,1000,COXWELL  AVE,QUEEN  ST E,25 m South o,Minor Arterial,Toronto and East York,43.666285,-79.316562,Non Intersection,Traffic Signal,Clear,Daylight,Dry,Non-Fatal Injury,Cyclist Collisions,Driver,65 to 69,None,,North,"Automobile, Station Wagon",Going Ahead,Improper Passing,Unknown,,,,,,,,Yes,Yes,,,,,,,Yes,,,,65,Greenwood-Coxwell,65,Greenwood-Coxwell (65),D55,635723.558739485,4836184.88035345
1795,81577429,1000657323,4/10/2021 4:00:00 AM,1000,COXWELL  AVE,QUEEN  ST E,25 m South o,Minor Arterial,Toronto and East York,43.666285,-79.316562,Non Intersection,Traffic Signal,Clear,Daylight,Dry,Non-Fatal Injury,Cyclist Collisions,Cyclist,35 to 39,Major,,North,Bicycle,Going Ahead,,,,,,Cyclist and Driver travelling in same direction. One vehicle sideswipes the other.,Driving Properly,Normal,,Yes,Yes,,,,,,,Yes,,,,65,Greenwood-Coxwell,65,Greenwood-Coxwell (65),D55,635723.558739485,4836184.88035345
1796,81542199,1000693871,4/15/2021 4:00:00 AM,1800,DUNDAS ST W,BATHURST ST,,Major Arterial,Toronto and East York,43.652239,-79.405978,At Intersection,Traffic Signal,Clear,Daylight,Dry,Non-Fatal Injury,Cyclist Collisions,Driver,unknown,None,,North,"Automobile, Station Wagon",Turning Right,Improper Turn,Unknown,,,,,,,,Yes,Yes,,,,,,,,,,,78,Kensington-Chinatown,78,Kensington-Chinatown (78),D14,628544.480603792,4834482.483898
1797,81542200,1000693871,4/15/2021 4:00:00 AM,1800,DUNDAS ST W,BATHURST ST,,Major Arterial,Toronto and East York,43.652239,-79.405978,At Intersection,Traffic Signal,Clear,Daylight,Dry,Non-Fatal Injury,Cyclist Collisions,Cyclist,60 to 64,Major,,West,Bicycle,Going Ahead,,,,,,Motorist turning right on red at signalized intersection strikes cyclist.,Driving Properly,Normal,,Yes,Yes,,,,,,,,,,,78,Kensington-Chinatown,78,Kensington-Chinatown (78),D14,628544.480603792,4834482.483898
1798,81543378,1000909606,5/17/2021 4:00:00 AM,849,YONGE ST,401 C E YONGE N RAMP ST,430 m South ,Major Arterial,North York,43.749819,-79.408077,Non Intersection,No Control,Clear,Daylight,Dry,Non-Fatal Injury,Cyclist Collisions,Driver,55 to 59,None,,South,"Automobile, Station Wagon",Overtaking,Improper Passing,Inattentive,,,,,,,,Yes,Yes,,,,,,,Yes,,,,40,St.Andrew-Windfields,40,St.Andrew-Windfields (40),D32,628167.119179084,4845316.85554441
1799,81543379,1000909606,5/17/2021 4:00:00 AM,849,YONGE ST,401 C E YONGE N RAMP ST,430 m South ,Major Arterial,North York,43.749819,-79.408077,Non Intersection,No Control,Clear,Daylight,Dry,Non-Fatal Injury,Cyclist Collisions,Cyclist,35 to 39,Major,,South,Bicycle,Going Ahead,,,,,,Cyclist and Driver travelling in same direction. One vehicle sideswipes the other.,Driving Properly,Normal,,Yes,Yes,,,,,,,Yes,,,,40,St.Andrew-Windfields,40,St.Andrew-Windfields (40),D32,628167.119179084,4845316.85554441
1800,81578236,1000977879,5/26/2021 4:00:00 AM,1729,818 HUNTINGWOOD DR,,10 m North o,Minor Arterial,Scarborough,43.79373,-79.296428,At/Near Private Drive,No Control,Clear,Daylight,Dry,Non-Fatal Injury,Cyclist Collisions,Cyclist,20 to 24,Major,,West,Bicycle,Going Ahead,,,,,,"Cyclist loses control and strikes object (pole, ttc track)",Lost control,Inattentive,,Yes,,,,,,,,,,,,118,Tam O'Shanter-Sullivan,118,Tam O'Shanter-Sullivan (118),D42,637055.828909053,4850372.66681322
1801,81577349,1000983324,5/27/2021 4:00:00 AM,1315,44 RUSSELL HILL RD,,92 m North o,Collector,Toronto and East York,43.681243,-79.404117,Non Intersection,No Control,Clear,Daylight,Dry,Non-Fatal Injury,Cyclist Collisions,Driver,70 to 74,None,,East,"Automobile, Station Wagon",Turning Right,Improper Turn,Inattentive,,,,,,,,Yes,Yes,,,,,,,,,,,96,Casa Loma,96,Casa Loma (96),D53,628632.589269828,4837706.64983383
1802,81577350,1000983324,5/27/2021 4:00:00 AM,1315,44 RUSSELL HILL RD,,92 m North o,Collector,Toronto and East York,43.681243,-79.404117,Non Intersection,No Control,Clear,Daylight,Dry,Non-Fatal Injury,Cyclist Collisions,Cyclist,30 to 34,Major,,East,Bicycle,Going Ahead,,,,,,"Motorist turns right at non-signal Inter.(stop, yield, no cont.,and dwy) and strikes cyclist.",Driving Properly,Normal,,Yes,Yes,,,,,,,,,,,96,Casa Loma,96,Casa Loma (96),D53,628632.589269828,4837706.64983383
1803,81582043,1001039843,6/4/2021 4:00:00 AM,1321,SCARLETT  RD,EGLINTON  AVE W,,Major Arterial,Etobicoke York,43.68389,-79.511417,At Intersection,Traffic Controller,Clear,Daylight,Dry,Non-Fatal Injury,Cyclist Collisions,Driver,45 to 49,None,,West,"Automobile, Station Wagon",Turning Left,Improper Turn,Normal,,,,,,,,Yes,Yes,,,,,,,,,,,9,Edenbridge-Humber Valley,9,Edenbridge-Humber Valley (9),D22,619978.559984694,4837839.81415601
1804,81582044,1001039843,6/4/2021 4:00:00 AM,1321,SCARLETT  RD,EGLINTON  AVE W,,Major Arterial,Etobicoke York,43.68389,-79.511417,At Intersection,Traffic Controller,Clear,Daylight,Dry,Non-Fatal Injury,Cyclist Collisions,Cyclist,20 to 24,Major,,East,Bicycle,Going Ahead,,,,,,Motorist turned left across cyclists path.,Driving Properly,Normal,,Yes,Yes,,,,,,,,,,,9,Edenbridge-Humber Valley,9,Edenbridge-Humber Valley (9),D22,619978.559984694,4837839.81415601
1805,81578889,1001311707,7/13/2021 4:00:00 AM,745,GERRARD ST E,HORTICULTURAL AVE,5 m East of,Minor Arterial,Toronto and East York,43.660609,-79.374698,Intersection Related,Stop Sign,Clear,Daylight,Dry,Non-Fatal Injury,Cyclist Collisions,Cyclist,75 to 79,Major,,South,Bicycle,Going Ahead,,,,,,"Cyclist without ROW rides into path of motorist at inter, lnwy, dwy-Cyclist not turn.",Improper Passing,Inattentive,,Yes,Yes,,,,,,,,,,,73,Moss Park,73,Moss Park (73),D51,631048.767606041,4835461.01398622
1806,81578890,1001311707,7/13/2021 4:00:00 AM,745,GERRARD ST E,HORTICULTURAL AVE,5 m East of,Minor Arterial,Toronto and East York,43.660609,-79.374698,Intersection Related,Stop Sign,Clear,Daylight,Dry,Non-Fatal Injury,Cyclist Collisions,Driver,50 to 54,None,,East,"Automobile, Station Wagon",Going Ahead,Driving Properly,Normal,,,,,,,,Yes,Yes,,,,,,,,,,,73,Moss Park,73,Moss Park (73),D51,631048.767606041,4835461.01398622
1807,81579737,1001358291,7/19/2021 4:00:00 AM,1740,5231 YONGE ST,ELLERSLIE AVE,64 m South o,Major Arterial,North York,43.771399,-79.413409,Non Intersection,No Control,Clear,Daylight,Dry,Non-Fatal Injury,Cyclist Collisions,Cyclist,30 to 34,Major,,South,Bicycle,Going Ahead,,,,,,Cyclist and Driver travelling in same direction. One vehicle rear-ended the other.,Lost control,Unknown,,Yes,Yes,,,,,,,,,,,151,Yonge-Doris,51,Willowdale East (51),D32,627691.91495589,4847705.40236268
1808,81579738,1001358291,7/19/2021 4:00:00 AM,1740,5231 YONGE ST,ELLERSLIE AVE,64 m South o,Major Arterial,North York,43.771399,-79.413409,Non Intersection,No Control,Clear,Daylight,Dry,Non-Fatal Injury,Cyclist Collisions,Driver,45 to 49,None,,South,"Automobile, Station Wagon",Stopped,Driving Properly,Unknown,,,,,,,,Yes,Yes,,,,,,,,,,,151,Yonge-Doris,51,Willowdale East (51),D32,627691.91495589,4847705.40236268
1809,81581310,1001545631,8/15/2021 4:00:00 AM,550,106 BEECH AVE,,1 m East of,Major Arterial,Toronto and East York,43.673556,-79.287952,At/Near Private Drive,No Control,Clear,"Dark, artificial",Dry,Non-Fatal Injury,Cyclist Collisions,Driver,25 to 29,None,,West,"Automobile, Station Wagon",Reversing,Other,Normal,,,,,,,,Yes,Yes,,,,,,,,,,,63,The Beaches,63,The Beaches (63),D55,638013.539032158,4837039.63034309
1810,81581311,1001545631,8/15/2021 4:00:00 AM,550,106 BEECH AVE,,1 m East of,Major Arterial,Toronto and East York,43.673556,-79.287952,At/Near Private Drive,No Control,Clear,"Dark, artificial",Dry,Non-Fatal Injury,Cyclist Collisions,Cyclist,55 to 59,Major,,South,Bicycle,Going Ahead,,,,,,Motorist reversing struck cyclist.,Wrong Way on One Way Road,Normal,,Yes,Yes,,,,,,,,,,,63,The Beaches,63,The Beaches (63),D55,638013.539032158,4837039.63034309
1811,81579849,1001570554,8/18/2021 4:00:00 AM,1810,AVENUE RD,BLOOR ST W,,Major Arterial,North York,43.668646,-79.394099,Non Intersection,No Control,Clear,Daylight,Dry,Fatal,Cyclist Collisions,Cyclist,15 to 19,Fatal,26,North,Bicycle,Going Ahead,,,,,,Cyclist and Driver travelling in same direction. One vehicle rear-ended the other.,Driving Properly,Unknown,,Yes,,,Yes,,,,,Yes,,,,169,Bay-Cloverhill,76,Bay Street Corridor (76),D52,629467.162513043,4836323.16892394
1812,81579850,1001570554,8/18/2021 4:00:00 AM,1810,AVENUE RD,BLOOR ST W,,Major Arterial,North York,43.668646,-79.394099,Non Intersection,No Control,Clear,Daylight,Dry,Fatal,Cyclist Collisions,Truck Driver,50 to 54,None,,North,Truck - Tank,Going Ahead,Improper Passing,Inattentive,,,,,,,,Yes,,,Yes,,,,,Yes,,,,169,Bay-Cloverhill,76,Bay Street Corridor (76),D52,629467.162513043,4836323.16892394
1813,81582065,1001616611,8/25/2021 4:00:00 AM,935,345 ADELAIDE ST W,,,Major Arterial,Toronto and East York,43.647055,-79.393703,At/Near Private Drive,No Control,Clear,Daylight,Dry,Non-Fatal Injury,Cyclist Collisions,Driver,25 to 29,None,,East,Delivery Van,Turning Right,Improper Turn,Inattentive,,,,,,,,Yes,Yes,,,,,,,,,,,164,Wellington Place,77,Waterfront Communities-The Island (77),D52,629545.510838861,4833925.82108612
1814,81582066,1001616611,8/25/2021 4:00:00 AM,935,345 ADELAIDE ST W,,,Major Arterial,Toronto and East York,43.647055,-79.393703,At/Near Private Drive,No Control,Clear,Daylight,Dry,Non-Fatal Injury,Cyclist Collisions,Cyclist,25 to 29,Major,,East,Bicycle,Going Ahead,,,,,,"Motorist turns right at non-signal Inter.(stop, yield, no cont.,and dwy) and strikes cyclist.",Driving Properly,Normal,,Yes,Yes,,,,,,,,,,,164,Wellington Place,77,Waterfront Communities-The Island (77),D52,629545.510838861,4833925.82108612
1815,81581335,1001663013,8/31/2021 4:00:00 AM,1553,723 PAPE AVE,,,Major Arterial,Toronto and East York,43.679221,-79.344951,Non Intersection,No Control,Clear,Daylight,Dry,Non-Fatal Injury,Cyclist Collisions,Driver,30 to 34,None,,North,"Automobile, Station Wagon",Other,Failed to Yield Right of Way,Normal,,,,,,,,Yes,Yes,,,,,,,Yes,,,,66,Danforth,66,Danforth (66),D55,633406.064906783,4837575.54501407
1816,81581336,1001663013,8/31/2021 4:00:00 AM,1553,723 PAPE AVE,,,Major Arterial,Toronto and East York,43.679221,-79.344951,Non Intersection,No Control,Clear,Daylight,Dry,Non-Fatal Injury,Cyclist Collisions,Cyclist,40 to 44,Major,,North,Bicycle,Going Ahead,,,,,,Cyclist struck opened vehicle door,Driving Properly,Normal,,Yes,Yes,,,,,,,Yes,,,,66,Danforth,66,Danforth (66),D55,633406.064906783,4837575.54501407
1817,81582428,1001676258,9/2/2021 4:00:00 AM,1117,LAKE SHORE BLVD E,LESLIE ST,3 m East of,Major Arterial,Toronto and East York,43.659159,-79.328403,At Intersection,Traffic Signal,Clear,Daylight,Dry,Non-Fatal Injury,Cyclist Collisions,Driver,75 to 79,None,,South,"Automobile, Station Wagon",Turning Left,Failed to Yield Right of Way,Inattentive,,,,,,,,Yes,Yes,,,,,,,Yes,,,,70,South Riverdale,70,South Riverdale (70),D55,634784.838908349,4835374.1375788
1818,81582429,1001676258,9/2/2021 4:00:00 AM,1117,LAKE SHORE BLVD E,LESLIE ST,3 m East of,Major Arterial,Toronto and East York,43.659159,-79.328403,At Intersection,Traffic Signal,Clear,Daylight,Dry,Non-Fatal Injury,Cyclist Collisions,Cyclist,50 to 54,Major,,North,Bicycle,Going Ahead,,,,,,Motorist turned left across cyclists path.,Driving Properly,Normal,,Yes,Yes,,,,,,,Yes,,,,70,South Riverdale,70,South Riverdale (70),D55,634784.838908349,4835374.1375788
1819,81584048,1001735558,9/10/2021 4:00:00 AM,1926,GERRARD ST E,YONGE  ST,58 m East of,Minor Arterial,Toronto and East York,43.659201,-79.381183,Non Intersection,No Control,Clear,"Dark, artificial",Dry,Non-Fatal Injury,Cyclist Collisions,Driver,25 to 29,None,,West,Delivery Van,Pulling Onto Shoulder or towardCurb,Failed to Yield Right of Way,Normal,,,,,,,,Yes,Yes,,,,,Yes,,Yes,,,,168,Downtown Yonge East,75,Church-Yonge Corridor (75),D51,630528.92491315,4835294.41418681
1820,81584049,1001735558,9/10/2021 4:00:00 AM,1926,GERRARD ST E,YONGE  ST,58 m East of,Minor Arterial,Toronto and East York,43.659201,-79.381183,Non Intersection,No Control,Clear,"Dark, artificial",Dry,Non-Fatal Injury,Cyclist Collisions,Cyclist,30 to 34,Major,,West,Bicycle,Going Ahead,,,,,,Cyclist and Driver travelling in same direction. One vehicle sideswipes the other.,Driving Properly,Normal,,Yes,Yes,,,,,Yes,,Yes,,,,168,Downtown Yonge East,75,Church-Yonge Corridor (75),D51,630528.92491315,4835294.41418681
1821,81584050,1001735558,9/10/2021 4:00:00 AM,1926,GERRARD ST E,YONGE  ST,58 m East of,Minor Arterial,Toronto and East York,43.659201,-79.381183,Non Intersection,No Control,Clear,"Dark, artificial",Dry,Non-Fatal Injury,Cyclist Collisions,Passenger,20 to 24,None,,,,,,,,,,,,,,Yes,Yes,,,,,Yes,,Yes,,,,168,Downtown Yonge East,75,Church-Yonge Corridor (75),D51,630528.92491315,4835294.41418681
1822,81604149,1002105025,11/1/2021 4:00:00 AM,2205,2275 WARDEN AVE,,1 m South of,Major Arterial,Scarborough,43.782305,-79.309589,At/Near Private Drive,No Control,Clear,"Dark, artificial",Dry,Non-Fatal Injury,Cyclist Collisions,Driver,30 to 34,None,,South,"Automobile, Station Wagon",Turning Left,Failed to Yield Right of Way,Inattentive,,,,,,,,Yes,Yes,,,,,,,Yes,,,,118,Tam O'Shanter-Sullivan,118,Tam O'Shanter-Sullivan (118),D42,636022.902530123,4849082.03040345
1823,81604150,1002105025,11/1/2021 4:00:00 AM,2205,2275 WARDEN AVE,,1 m South of,Major Arterial,Scarborough,43.782305,-79.309589,At/Near Private Drive,No Control,Clear,"Dark, artificial",Dry,Non-Fatal Injury,Cyclist Collisions,Cyclist,40 to 44,Major,,North,Bicycle,Going Ahead,,,,,,Motorist turned left across cyclists path.,Driving Properly,Normal,,Yes,Yes,,,,,,,Yes,,,,118,Tam O'Shanter-Sullivan,118,Tam O'Shanter-Sullivan (118),D42,636022.902530123,4849082.03040345
1824,81651428,1002310021,11/30/2021 5:00:00 AM,1700,PLAINS RD,GREENWOOD AVE,,Minor Arterial,Toronto and East York,43.693789,-79.338458,At Intersection,Stop Sign,Rain,"Dusk, artificial",Wet,Non-Fatal Injury,Cyclist Collisions,Driver,unknown,None,,West,"Automobile, Station Wagon",Going Ahead,Failed to Yield Right of Way,Inattentive,,,,,,,,Yes,Yes,,,,,,,Yes,,,,58,Old East York,58,Old East York (58),D55,633897.024697764,4839203.98799495
1825,81651429,1002310021,11/30/2021 5:00:00 AM,1700,PLAINS RD,GREENWOOD AVE,,Minor Arterial,Toronto and East York,43.693789,-79.338458,At Intersection,Stop Sign,Rain,"Dusk, artificial",Wet,Non-Fatal Injury,Cyclist Collisions,Cyclist,65 to 69,Major,,West,Bicycle,Going Ahead,,,,,,Cyclist and Driver travelling in same direction. One vehicle rear-ended the other.,Driving Properly,Normal,,Yes,Yes,,,,,,,Yes,,,,58,Old East York,58,Old East York (58),D55,633897.024697764,4839203.98799495
1826,81631490,1002401336,12/13/2021 5:00:00 AM,1430,MARTIN GROVE RD,GIHON SPRING DR,,Minor Arterial,Etobicoke York,43.754019,-79.600024,Intersection Related,Traffic Signal,Clear,Daylight,Dry,Non-Fatal Injury,Cyclist Collisions,Driver,55 to 59,None,,West,"Automobile, Station Wagon",Turning Left,Other,Normal,,,,,,,,Yes,Yes,,,,,,,,,,,2,Mount Olive-Silverstone-Jamestown,2,Mount Olive-Silverstone-Jamestown (2),D23,612705.301744282,4845504.24447311
1827,81631491,1002401336,12/13/2021 5:00:00 AM,1430,MARTIN GROVE RD,GIHON SPRING DR,,Minor Arterial,Etobicoke York,43.754019,-79.600024,Intersection Related,Traffic Signal,Clear,Daylight,Dry,Non-Fatal Injury,Cyclist Collisions,Cyclist,75 to 79,Major,,East,Bicycle,Going Ahead,,,,,,Motorist turned left across cyclists path.,Other,Normal,,Yes,Yes,,,,,,,,,,,2,Mount Olive-Silverstone-Jamestown,2,Mount Olive-Silverstone-Jamestown (2),D23,612705.301744282,4845504.24447311