OBJECTID,INDEX,ACCNUM,DATE,TIME,STREET1,STREET2,OFFSET,ROAD_CLASS,DISTRICT,LATITUDE,LONGITUDE,ACCLOC,TRAFFCTL,VISIBILITY,LIGHT,RDSFCOND,ACCLASS,IMPACTYPE,INVTYPE,INVAGE,INJURY,FATAL_NO,INITDIR,VEHTYPE,MANOEUVER,DRIVACT,DRIVCOND,PEDTYPE,PEDACT,PEDCOND,CYCLISTYPE,CYCACT,CYCCOND,PEDESTRIAN,CYCLIST,AUTOMOBILE,MOTORCYCLE,TRUCK,TRSN_CITY_VEH,EMERG_VEH,PASSENGER,SPEEDING,AG_DRIV,REDLIGHT,ALCOHOL,DISABILITY,HOOD_158,NEIGHBOURHOOD_158,HOOD_140,NEIGHBOURHOOD_140,DIVISION,x,y
1828,81646749,2000370303,2/26/2022 5:00:00 AM,813,BURNHAMTHORPE RD,HIGHWAY 427 C N,40 m West of,Major Arterial,Etobicoke York,43.645625,-79.562526,Overpass or Bridge,No Control,Clear,Daylight,Dry,Non-Fatal Injury,Cyclist Collisions,Driver,unknown,None,,East,"Automobile, Station Wagon",Going Ahead,Other,Unknown,,,,,,,,Yes,Yes,,,,,,,,,,,158,Islington,14,Islington-City Centre West (14),D22,615932.816836777,4833517.32522243
1829,81646750,2000370303,2/26/2022 5:00:00 AM,813,BURNHAMTHORPE RD,HIGHWAY 427 C N,40 m West of,Major Arterial,Etobicoke York,43.645625,-79.562526,Overpass or Bridge,No Control,Clear,Daylight,Dry,Non-Fatal Injury,Cyclist Collisions,Cyclist,60 to 64,Major,,East,Bicycle,Going Ahead,,,,,,Cyclist and Driver travelling in same direction. One vehicle sideswipes the other.,Driving Properly,Normal,,Yes,Yes,,,,,,,,,,,158,Islington,14,Islington-City Centre West (14),D22,615932.816836777,4833517.32522243
1830,81709694,2000584749,3/29/2022 4:00:00 AM,1718,WILSON AVE,WENDELL AVE,1 m  of,Major Arterial,Etobicoke York,43.716788,-79.52705,Intersection Related,Traffic Signal,Clear,Daylight,Dry,Non-Fatal Injury,Cyclist Collisions,Driver,15 to 19,None,,East,"Automobile, Station Wagon",Going Ahead,Disobeyed Traffic Control,Inattentive,,,,,,,,Yes,Yes,,,,,,,Yes,Yes,,,154,Oakdale-Beverley Heights,26,Downsview-Roding-CFB (26),D31,618653.633351896,4841471.08991467
1831,81709695,2000584749,3/29/2022 4:00:00 AM,1718,WILSON AVE,WENDELL AVE,1 m  of,Major Arterial,Etobicoke York,43.716788,-79.52705,Intersection Related,Traffic Signal,Clear,Daylight,Dry,Non-Fatal Injury,Cyclist Collisions,Cyclist,55 to 59,Major,,West,Bicycle,Turning Left,,,,,,,Driving Properly,Normal,,Yes,Yes,,,,,,,Yes,Yes,,,154,Oakdale-Beverley Heights,26,Downsview-Roding-CFB (26),D31,618653.633351896,4841471.08991467
1832,81664171,2000697983,4/14/2022 4:00:00 AM,2042,CALEDONIA RD,KITCHENER AVE,,Minor Arterial,,43.688998,-79.460521,At Intersection,Traffic Signal,Clear,"Dark, artificial",Dry,Non-Fatal Injury,Cyclist Collisions,Driver,55 to 59,None,,North,"Automobile, Station Wagon",Turning Left,Improper Turn,Normal,,,,,,,,Yes,Yes,,,,,Yes,,,,,,109,Caledonia-Fairbank,109,Caledonia-Fairbank (109),D13,624070.240248853,4838482.01403829
1833,81664172,2000697983,4/14/2022 4:00:00 AM,2042,CALEDONIA RD,KITCHENER AVE,,Minor Arterial,,43.688998,-79.460521,At Intersection,Traffic Signal,Clear,"Dark, artificial",Dry,Non-Fatal Injury,Cyclist Collisions,Cyclist,20 to 24,Major,,South,Bicycle,Going Ahead,,,,,,Motorist turned left across cyclists path.,Driving Properly,Normal,,Yes,Yes,,,,,Yes,,,,,,109,Caledonia-Fairbank,109,Caledonia-Fairbank (109),D13,624070.240248853,4838482.01403829
1834,81664173,2000697983,4/14/2022 4:00:00 AM,2042,CALEDONIA RD,KITCHENER AVE,,Minor Arterial,,43.688998,-79.460521,At Intersection,Traffic Signal,Clear,"Dark, artificial",Dry,Non-Fatal Injury,Cyclist Collisions,Cyclist Passenger,15 to 19,Minor,,,,,,,,,,,,,,Yes,Yes,,,,,Yes,,,,,,109,Caledonia-Fairbank,109,Caledonia-Fairbank (109),D13,624070.240248853,4838482.01403829
1835,81648204,2000722938,4/18/2022 4:00:00 AM,2120,KENNEDY RD,STEELES AVE E,,Major Arterial,Scarborough,43.823619,-79.307025,At Intersection,Traffic Signal,Rain,"Dark, artificial",Slush,Non-Fatal Injury,Cyclist Collisions,Cyclist,60 to 64,Major,,East,Bicycle,Going Ahead,,,,,,"Cyclist without ROW rides into path of motorist at inter, lnwy, dwy-Cyclist not turn.",Other,Normal,,Yes,,,Yes,,,,,,,,,130,Milliken,130,Milliken (130),D42,636135.347498424,4853674.82884575
1836,81648205,2000722938,4/18/2022 4:00:00 AM,2120,KENNEDY RD,STEELES AVE E,,Major Arterial,Scarborough,43.823619,-79.307025,At Intersection,Traffic Signal,Rain,"Dark, artificial",Slush,Non-Fatal Injury,Cyclist Collisions,Truck Driver,25 to 29,None,,North,"Truck - Closed (Blazer, etc)",Turning Left,Driving Properly,Normal,,,,,,,,Yes,,,Yes,,,,,,,,,130,Milliken,130,Milliken (130),D42,636135.347498424,4853674.82884575
1837,81749621,2000746819,4/22/2022 4:00:00 AM,1000,SPADINA AV,QUEEN ST W,10 m South o,Major Arterial,Toronto and East York,43.648761,-79.396351,Intersection Related,Traffic Signal,Clear,Daylight,Dry,Non-Fatal Injury,Cyclist Collisions,Truck Driver,50 to 54,None,,South,Truck - Dump,Going Ahead,Improper Passing,Normal,,,,,,,,Yes,,,Yes,,,,,Yes,,,,164,Wellington Place,77,Waterfront Communities-The Island (77),D52,629328.289939778,4834111.16450926
1838,81749622,2000746819,4/22/2022 4:00:00 AM,1000,SPADINA AV,QUEEN ST W,10 m South o,Major Arterial,Toronto and East York,43.648761,-79.396351,Intersection Related,Traffic Signal,Clear,Daylight,Dry,Non-Fatal Injury,Cyclist Collisions,Cyclist,35 to 39,Major,,South,Bicycle,Going Ahead,,,,,,,Driving Properly,Normal,,Yes,,,Yes,,,,,Yes,,,,164,Wellington Place,77,Waterfront Communities-The Island (77),D52,629328.289939778,4834111.16450926
1839,81650985,2000768413,4/25/2022 4:00:00 AM,1345,452 DANFORTH AVE,,30 m West of,Major Arterial,Toronto and East York,43.677825,-79.350108,Non Intersection,No Control,Rain,Daylight,Wet,Non-Fatal Injury,Pedestrian Collisions,Moped Driver,35 to 39,Minimal,,West,Moped,Going Ahead,Speed too Fast For Condition,Inattentive,,,,,,,Yes,Yes,,,,,,,Yes,Yes,,,,68,North Riverdale,68,North Riverdale (68),D55,632993.461971135,4837412.21804037
1840,81650986,2000768413,4/25/2022 4:00:00 AM,1345,452 DANFORTH AVE,,30 m West of,Major Arterial,Toronto and East York,43.677825,-79.350108,Non Intersection,No Control,Rain,Daylight,Wet,Non-Fatal Injury,Pedestrian Collisions,Pedestrian,5 to 9,Major,,North,,,,,Pedestrian hit at mid-block,Person Getting on/off Vehicle,Inattentive,,,,Yes,Yes,,,,,,,Yes,Yes,,,,68,North Riverdale,68,North Riverdale (68),D55,632993.461971135,4837412.21804037
1841,81680421,2000833786,5/4/2022 4:00:00 AM,2315,KEELE ST,TORO RD,,Major Arterial,North York,43.759757,-79.490039,Intersection Related,Traffic Signal,Clear,"Dark, artificial",Dry,Non-Fatal Injury,Cyclist Collisions,Driver,20 to 24,None,,North,"Automobile, Station Wagon",Going Ahead,Other,Unknown,,,,,,,,Yes,Yes,,,,,,,Yes,,,,27,York University Heights,27,York University Heights (27),D31,621548.10979239,4846297.06513672
1842,81680422,2000833786,5/4/2022 4:00:00 AM,2315,KEELE ST,TORO RD,,Major Arterial,North York,43.759757,-79.490039,Intersection Related,Traffic Signal,Clear,"Dark, artificial",Dry,Non-Fatal Injury,Cyclist Collisions,Cyclist,40 to 44,Major,,North,Bicycle,Going Ahead,,,,,,Cyclist and Driver travelling in same direction. One vehicle rear-ended the other.,Driving Properly,Unknown,,Yes,Yes,,,,,,,Yes,,,,27,York University Heights,27,York University Heights (27),D31,621548.10979239,4846297.06513672
1843,81640459,2000899254,5/13/2022 4:00:00 AM,2210,SALINAS CRT,ROSELAWN AVE,,Local,Toronto and East York,43.70048,-79.449024,Intersection Related,No Control,Clear,"Dark, artificial",Dry,Fatal,SMV Other,Moped Driver,35 to 39,Fatal,18,East,Motorcycle,Going Ahead,Lost control,Had Been Drinking,,,,,,,,Yes,,Yes,,,,,,,,,,108,Briar Hill-Belgravia,108,Briar Hill-Belgravia (108),D13,624972.966115974,4839774.51323341
1844,81649920,2000984362,5/25/2022 4:00:00 AM,1656,COLLEGE ST,EUCLID AVE,60 m West of,Major Arterial,Toronto and East York,43.655512,-79.411853,Non Intersection,No Control,Clear,Daylight,Dry,Non-Fatal Injury,Cyclist Collisions,Cyclist,40 to 44,Major,,West,Bicycle,Going Ahead,,,,,,Cyclist and Driver travelling in same direction. One vehicle sideswipes the other.,Driving Properly,Had Been Drinking,,Yes,Yes,,,,,,,,,,,81,Trinity-Bellwoods,81,Trinity-Bellwoods (81),D14,628063.749240585,4834836.90938815
1845,81649921,2000984362,5/25/2022 4:00:00 AM,1656,COLLEGE ST,EUCLID AVE,60 m West of,Major Arterial,Toronto and East York,43.655512,-79.411853,Non Intersection,No Control,Clear,Daylight,Dry,Non-Fatal Injury,Cyclist Collisions,Driver,30 to 34,None,,West,"Automobile, Station Wagon",Going Ahead,Driving Properly,Normal,,,,,,,,Yes,Yes,,,,,,,,,,,81,Trinity-Bellwoods,81,Trinity-Bellwoods (81),D14,628063.749240585,4834836.90938815
1846,81688197,2000988089,5/26/2022 4:00:00 AM,831,STEELES AVE E,MAXOME AVE,,Major Arterial,North York,43.800986,-79.406207,At Intersection,Traffic Signal,Clear,Daylight,Dry,Non-Fatal Injury,Cyclist Collisions,Driver,20 to 24,None,,South,"Automobile, Station Wagon",Turning Left,Improper Turn,Inattentive,,,,,,,,Yes,Yes,,,,,,,,,,,50,Newtonbrook East,50,Newtonbrook East (50),D32,628208.282518393,4851002.62895024
1847,81688198,2000988089,5/26/2022 4:00:00 AM,831,STEELES AVE E,MAXOME AVE,,Major Arterial,North York,43.800986,-79.406207,At Intersection,Traffic Signal,Clear,Daylight,Dry,Non-Fatal Injury,Cyclist Collisions,Cyclist,20 to 24,Major,,North,Bicycle,Going Ahead,,,,,,Motorist turned left across cyclists path.,Driving Properly,Normal,,Yes,Yes,,,,,,,,,,,50,Newtonbrook East,50,Newtonbrook East (50),D32,628208.282518393,4851002.62895024
1848,81648359,2001020904,5/30/2022 4:00:00 AM,1847,QUEENS QUAY E,MERCHANTS WHARF,19 m South o,Minor Arterial,Toronto and East York,43.645484,-79.364284,At Intersection,No Control,Clear,Daylight,Dry,Non-Fatal Injury,Cyclist Collisions,Driver,50 to 54,None,,East,"Automobile, Station Wagon",Turning Right,Improper Turn,Normal,,,,,,,,Yes,Yes,,,,,,,,,,,166,St Lawrence-East Bayfront-The Islands,77,Waterfront Communities-The Island (77),D51,631921.574898722,4833797.68470838
1849,81648360,2001020904,5/30/2022 4:00:00 AM,1847,QUEENS QUAY E,MERCHANTS WHARF,19 m South o,Minor Arterial,Toronto and East York,43.645484,-79.364284,At Intersection,No Control,Clear,Daylight,Dry,Non-Fatal Injury,Cyclist Collisions,Cyclist,10 to 14,Major,,West,Bicycle,Going Ahead,,,,,,"Motorist turns right at non-signal Inter.(stop, yield, no cont.,and dwy) and strikes cyclist.",Driving Properly,Normal,,Yes,Yes,,,,,,,,,,,166,St Lawrence-East Bayfront-The Islands,77,Waterfront Communities-The Island (77),D51,631921.574898722,4833797.68470838
1850,81649528,2001085402,6/8/2022 4:00:00 AM,1554,DUNDAS ST W,LAKEVIEW AVE,25 m East of,Minor Arterial,Toronto and East York,43.649314,-79.42274,Intersection Related,No Control,Clear,Daylight,Dry,Non-Fatal Injury,Cyclist Collisions,Driver,55 to 59,None,,West,Pick Up Truck,Changing Lanes,Improper Lane Change,Inattentive,,,,,,,,Yes,Yes,,,,,,,,,,,81,Trinity-Bellwoods,81,Trinity-Bellwoods (81),D14,627198.927086912,4834131.79558749
1851,81649529,2001085402,6/8/2022 4:00:00 AM,1554,DUNDAS ST W,LAKEVIEW AVE,25 m East of,Minor Arterial,Toronto and East York,43.649314,-79.42274,Intersection Related,No Control,Clear,Daylight,Dry,Non-Fatal Injury,Cyclist Collisions,Cyclist,55 to 59,Major,,West,Bicycle,Going Ahead,,,,,,Cyclist and Driver travelling in same direction. One vehicle sideswipes the other.,Driving Properly,Normal,,Yes,Yes,,,,,,,,,,,81,Trinity-Bellwoods,81,Trinity-Bellwoods (81),D14,627198.927086912,4834131.79558749
1852,81666383,2001126945,6/14/2022 4:00:00 AM,1159,836 BLOOR ST W,,2 m South of,Major Arterial,Toronto and East York,43.662306,-79.423663,Non Intersection,No Control,Clear,Daylight,Dry,Non-Fatal Injury,Pedestrian Collisions,Cyclist,20 to 24,Minimal,,West,Bicycle,Going Ahead,,,,,,Cyclist strikes pedestrian.,Driving Properly,Unknown,Yes,Yes,,,,,,,,,,,,80,Palmerston-Little Italy,80,Palmerston-Little Italy (80),D14,627097.078894574,4835573.31309338
1853,81666384,2001126945,6/14/2022 4:00:00 AM,1159,836 BLOOR ST W,,2 m South of,Major Arterial,Toronto and East York,43.662306,-79.423663,Non Intersection,No Control,Clear,Daylight,Dry,Non-Fatal Injury,Pedestrian Collisions,Pedestrian,75 to 79,Major,,North,,,,,Pedestrian hit at mid-block,"Crossing, no Traffic Control",Inattentive,,,,Yes,Yes,,,,,,,,,,,,80,Palmerston-Little Italy,80,Palmerston-Little Italy (80),D14,627097.078894574,4835573.31309338
1854,81647935,2001145268,6/16/2022 4:00:00 AM,1930,OVERLEA BLVD,THORNCLIFFE PARK DR,3 m South of,Major Arterial,North York,43.707385,-79.343669,At Intersection,Traffic Signal,Clear,Daylight,Dry,Non-Fatal Injury,Cyclist Collisions,Cyclist,10 to 14,Major,,East,Bicycle,Going Ahead,,,,,,"Cyclist without ROW rides into path of motorist at inter, lnwy, dwy-Cyclist not turn.",Disobeyed Traffic Control,Inattentive,,Yes,Yes,,,,,Yes,,,,,,55,Thorncliffe Park,55,Thorncliffe Park (55),D53,633446.918969618,4840705.61397591
1855,81647936,2001145268,6/16/2022 4:00:00 AM,1930,OVERLEA BLVD,THORNCLIFFE PARK DR,3 m South of,Major Arterial,North York,43.707385,-79.343669,At Intersection,Traffic Signal,Clear,Daylight,Dry,Non-Fatal Injury,Cyclist Collisions,Driver,80 to 84,None,,North,"Automobile, Station Wagon",Going Ahead,Driving Properly,Normal,,,,,,,,Yes,Yes,,,,,Yes,,,,,,55,Thorncliffe Park,55,Thorncliffe Park (55),D53,633446.918969618,4840705.61397591
1856,81647937,2001145268,6/16/2022 4:00:00 AM,1930,OVERLEA BLVD,THORNCLIFFE PARK DR,3 m South of,Major Arterial,North York,43.707385,-79.343669,At Intersection,Traffic Signal,Clear,Daylight,Dry,Non-Fatal Injury,Cyclist Collisions,Passenger,80 to 84,None,,,,,,,,,,,,,,Yes,Yes,,,,,Yes,,,,,,55,Thorncliffe Park,55,Thorncliffe Park (55),D53,633446.918969618,4840705.61397591
1857,81680679,2001212143,6/26/2022 4:00:00 AM,600,SPADINA AVE,QUEEN ST W,50 m South o,Major Arterial,Toronto and East York,43.648482,-79.396251,Non Intersection,No Control,Clear,Daylight,Dry,Non-Fatal Injury,Cyclist Collisions,Driver,unknown,None,,South,"Automobile, Station Wagon",Going Ahead,Other,Other,,,,,,,,Yes,Yes,,,,,,,,,,,164,Wellington Place,77,Waterfront Communities-The Island (77),D52,629336.953470738,4834080.33376711
1858,81680680,2001212143,6/26/2022 4:00:00 AM,600,SPADINA AVE,QUEEN ST W,50 m South o,Major Arterial,Toronto and East York,43.648482,-79.396251,Non Intersection,No Control,Clear,Daylight,Dry,Non-Fatal Injury,Cyclist Collisions,Cyclist,30 to 34,Major,,South,Bicycle,Going Ahead,,,,,,Cyclist and Driver travelling in same direction. One vehicle sideswipes the other.,Other,Other,,Yes,Yes,,,,,,,,,,,164,Wellington Place,77,Waterfront Communities-The Island (77),D52,629336.953470738,4834080.33376711
1859,81657133,2001217698,6/27/2022 4:00:00 AM,238,QUEEN ST W,BELLWOODS AVE,,Major Arterial,Toronto and East York,43.645774,-79.410747,At Intersection,No Control,Clear,"Dark, artificial",Dry,Non-Fatal Injury,Cyclist Collisions,Driver,55 to 59,None,,East,"Automobile, Station Wagon",Turning Left,Failed to Yield Right of Way,Inattentive,,,,,,,,Yes,Yes,,,,,,,Yes,,,,162,West Queen West,82,Niagara (82),D14,628173.647444705,4833757.08503186
1860,81657134,2001217698,6/27/2022 4:00:00 AM,238,QUEEN ST W,BELLWOODS AVE,,Major Arterial,Toronto and East York,43.645774,-79.410747,At Intersection,No Control,Clear,"Dark, artificial",Dry,Non-Fatal Injury,Cyclist Collisions,Cyclist,25 to 29,Major,,West,Bicycle,Going Ahead,,,,,,Motorist turned left across cyclists path.,Driving Properly,Normal,,Yes,Yes,,,,,,,Yes,,,,162,West Queen West,82,Niagara (82),D14,628173.647444705,4833757.08503186
1861,81666275,2001257548,7/2/2022 4:00:00 AM,1809,ADELAIDE ST W,PORTLAND ST,8 m East of,Major Arterial,Toronto and East York,43.645659,-79.400592,At Intersection,Traffic Signal,Clear,Daylight,Dry,Non-Fatal Injury,Cyclist Collisions,Truck Driver,45 to 49,None,,North,Truck (other),Turning Right,Failed to Yield Right of Way,Normal,,,,,,,,Yes,,,Yes,,,,,Yes,,,,164,Wellington Place,77,Waterfront Communities-The Island (77),D14,628992.905282591,4833760.04651565
1862,81666276,2001257548,7/2/2022 4:00:00 AM,1809,ADELAIDE ST W,PORTLAND ST,8 m East of,Major Arterial,Toronto and East York,43.645659,-79.400592,At Intersection,Traffic Signal,Clear,Daylight,Dry,Non-Fatal Injury,Cyclist Collisions,Cyclist,15 to 19,Major,,North,Bicycle,Going Ahead,,,,,,Motorist turning right on green or amber at signalized intersection strikes cyclist.,Driving Properly,Normal,,Yes,,,Yes,,,,,Yes,,,,164,Wellington Place,77,Waterfront Communities-The Island (77),D14,628992.905282591,4833760.04651565
1863,81703222,2001292860,7/7/2022 4:00:00 AM,1605,KEELE ST,MURRAY ROSS PARKWAY,,Major Arterial,North York,43.767241,-79.492,At Intersection,Traffic Signal,Clear,Daylight,Dry,Non-Fatal Injury,Cyclist Collisions,Truck Driver,55 to 59,None,,West,Truck-Tractor,Turning Right,Improper Turn,Inattentive,,,,,,,,Yes,,,Yes,,,,,,,,,27,York University Heights,27,York University Heights (27),D31,621375.11741892,4847125.39865714
1864,81703223,2001292860,7/7/2022 4:00:00 AM,1605,KEELE ST,MURRAY ROSS PARKWAY,,Major Arterial,North York,43.767241,-79.492,At Intersection,Traffic Signal,Clear,Daylight,Dry,Non-Fatal Injury,Cyclist Collisions,Cyclist,70 to 74,Major,,South,Bicycle,Going Ahead,,,,,,Motorist turning right on red at signalized intersection strikes cyclist.,Driving Properly,Normal,,Yes,,,Yes,,,,,,,,,27,York University Heights,27,York University Heights (27),D31,621375.11741892,4847125.39865714
1865,81657960,2001344891,7/14/2022 4:00:00 AM,1600,EVANS AVE,TREEVIEW DR,,Major Arterial,Etobicoke York,43.61344,-79.536372,At Intersection,Traffic Signal,Clear,Daylight,Dry,Non-Fatal Injury,Cyclist Collisions,Driver,75 to 79,None,,West,Passenger Van,Turning Left,Improper Turn,Inattentive,,,,,,,,Yes,Yes,,,,,,,,,,,20,Alderwood,20,Alderwood (20),D22,618105.181874519,4829979.64948137
1866,81657961,2001344891,7/14/2022 4:00:00 AM,1600,EVANS AVE,TREEVIEW DR,,Major Arterial,Etobicoke York,43.61344,-79.536372,At Intersection,Traffic Signal,Clear,Daylight,Dry,Non-Fatal Injury,Cyclist Collisions,Cyclist,60 to 64,Major,,East,Bicycle,Going Ahead,,,,,,Motorist turned left across cyclists path.,Other,Inattentive,,Yes,Yes,,,,,,,,,,,20,Alderwood,20,Alderwood (20),D22,618105.181874519,4829979.64948137
1867,81658241,2001354914,7/15/2022 4:00:00 AM,2317,BATHURST ST,EGLINTON AVE W,3 m North of,Major Arterial,,43.700888,-79.425563,At Intersection,Traffic Signal,Clear,Dark,Dry,Non-Fatal Injury,Cyclist Collisions,Cyclist,35 to 39,Major,,South,Bicycle,Going Ahead,,,,,,Cyclist and Driver travelling in same direction. One vehicle sideswipes the other.,Lost control,Had Been Drinking,,Yes,Yes,,,,,,,,,,,106,Humewood-Cedarvale,106,Humewood-Cedarvale (106),D13,626862.539803449,4839855.45863683
1868,81658242,2001354914,7/15/2022 4:00:00 AM,2317,BATHURST ST,EGLINTON AVE W,3 m North of,Major Arterial,,43.700888,-79.425563,At Intersection,Traffic Signal,Clear,Dark,Dry,Non-Fatal Injury,Cyclist Collisions,Driver,55 to 59,None,,South,"Automobile, Station Wagon",Stopped,Driving Properly,Normal,,,,,,,,Yes,Yes,,,,,,,,,,,106,Humewood-Cedarvale,106,Humewood-Cedarvale (106),D13,626862.539803449,4839855.45863683
1869,81663344,2001553400,8/12/2022 4:00:00 AM,1620,EGLINTON AVE E,DON VALLEY PKWY SOUTHBOUND RAM,5 m North of,Major Arterial,North York,43.722975,-79.330417,Non Intersection,No Control,Clear,Daylight,Dry,Non-Fatal Injury,Cyclist Collisions,Cyclist,20 to 24,Major,,West,Bicycle,Going Ahead,,,,,,"Cyclist without ROW rides into path of motorist at inter, lnwy, dwy-Cyclist not turn.",Other,Inattentive,,Yes,Yes,,,,,,,,,,,44,Flemingdon Park,44,Flemingdon Park (44),D55,634479.736690468,4842458.52672779
1870,81663345,2001553400,8/12/2022 4:00:00 AM,1620,EGLINTON AVE E,DON VALLEY PKWY SOUTHBOUND RAM,5 m North of,Major Arterial,North York,43.722975,-79.330417,Non Intersection,No Control,Clear,Daylight,Dry,Non-Fatal Injury,Cyclist Collisions,Driver,55 to 59,None,,West,"Automobile, Station Wagon",Turning Right,Driving Properly,Normal,,,,,,,,Yes,Yes,,,,,,,,,,,44,Flemingdon Park,44,Flemingdon Park (44),D55,634479.736690468,4842458.52672779
1871,81664880,2001624588,8/22/2022 4:00:00 AM,1958,MEADOWVALE RD,SHEPPARD AVE E,36 m South o,Minor Arterial,Scarborough,43.807902,-79.170619,At/Near Private Drive,No Control,Clear,"Dusk, artificial",Wet,Non-Fatal Injury,Cyclist Collisions,Truck Driver,40 to 44,None,,South,"Truck - Closed (Blazer, etc)",Turning Right,Failed to Yield Right of Way,Normal,,,,,,,,Yes,,,Yes,,,Yes,,Yes,,,,143,West Rouge,131,Rouge (131),D42,647142.743894774,4852162.73387525
1872,81664881,2001624588,8/22/2022 4:00:00 AM,1958,MEADOWVALE RD,SHEPPARD AVE E,36 m South o,Minor Arterial,Scarborough,43.807902,-79.170619,At/Near Private Drive,No Control,Clear,"Dusk, artificial",Wet,Non-Fatal Injury,Cyclist Collisions,Cyclist,10 to 14,Major,,South,Bicycle,Going Ahead,,,,,,"Motorist turns right at non-signal Inter.(stop, yield, no cont.,and dwy) and strikes cyclist.",Driving Properly,Normal,,Yes,,,Yes,,,Yes,,Yes,,,,143,West Rouge,131,Rouge (131),D42,647142.743894774,4852162.73387525
1873,81664882,2001624588,8/22/2022 4:00:00 AM,1958,MEADOWVALE RD,SHEPPARD AVE E,36 m South o,Minor Arterial,Scarborough,43.807902,-79.170619,At/Near Private Drive,No Control,Clear,"Dusk, artificial",Wet,Non-Fatal Injury,Cyclist Collisions,Passenger,15 to 19,None,,,,,,,,,,,,,,Yes,,,Yes,,,Yes,,Yes,,,,143,West Rouge,131,Rouge (131),D42,647142.743894774,4852162.73387525
1874,81664883,2001624588,8/22/2022 4:00:00 AM,1958,MEADOWVALE RD,SHEPPARD AVE E,36 m South o,Minor Arterial,Scarborough,43.807902,-79.170619,At/Near Private Drive,No Control,Clear,"Dusk, artificial",Wet,Non-Fatal Injury,Cyclist Collisions,Passenger,10 to 14,None,,,,,,,,,,,,,,Yes,,,Yes,,,Yes,,Yes,,,,143,West Rouge,131,Rouge (131),D42,647142.743894774,4852162.73387525
1875,81665521,2001682289,8/30/2022 4:00:00 AM,1910,124 EDENBRIDGE DR,,5 m East of,Collector,Etobicoke York,43.671797,-79.514888,At/Near Private Drive,No Control,Clear,Daylight,Dry,Non-Fatal Injury,Cyclist Collisions,Driver,30 to 34,None,,West,"Automobile, Station Wagon",Turning Left,Driving Properly,Normal,,,,,,,,Yes,Yes,,,,,,,,,,,9,Edenbridge-Humber Valley,9,Edenbridge-Humber Valley (9),D22,619722.845291167,4836491.71055579
1876,81665522,2001682289,8/30/2022 4:00:00 AM,1910,124 EDENBRIDGE DR,,5 m East of,Collector,Etobicoke York,43.671797,-79.514888,At/Near Private Drive,No Control,Clear,Daylight,Dry,Non-Fatal Injury,Cyclist Collisions,Cyclist,30 to 34,Major,,East,Bicycle,Other,,,,,,Motorist turned left across cyclists path.,Other,Other,,Yes,Yes,,,,,,,,,,,9,Edenbridge-Humber Valley,9,Edenbridge-Humber Valley (9),D22,619722.845291167,4836491.71055579
1877,81665523,2001682289,8/30/2022 4:00:00 AM,1910,124 EDENBRIDGE DR,,5 m East of,Collector,Etobicoke York,43.671797,-79.514888,At/Near Private Drive,No Control,Clear,Daylight,Dry,Non-Fatal Injury,Cyclist Collisions,Cyclist,20 to 24,Major,,East,Bicycle,Going Ahead,,,,,,Motorist turned left across cyclists path.,Other,Other,,Yes,Yes,,,,,,,,,,,9,Edenbridge-Humber Valley,9,Edenbridge-Humber Valley (9),D22,619722.845291167,4836491.71055579
1878,81663806,2001712442,9/3/2022 4:00:00 AM,2100,WILSON AVE,CORNELIUS PKWY,,Major Arterial,,43.728224,-79.477031,At Intersection,No Control,Clear,Dark,Dry,Fatal,Cyclist Collisions,Driver,55 to 59,None,,West,"Automobile, Station Wagon",Turning Left,Failed to Yield Right of Way,Inattentive,,,,,,,,Yes,Yes,,,,,Yes,,Yes,,,,155,Downsview,26,Downsview-Roding-CFB (26),D31,622659.611878072,4842814.03893523
1879,81664647,2001712442,9/3/2022 4:00:00 AM,2100,WILSON AVE,CORNELIUS PKWY,,Major Arterial,,43.728224,-79.477031,At Intersection,No Control,Clear,Dark,Dry,Fatal,Cyclist Collisions,Cyclist,40 to 44,Fatal,41,East,Bicycle,Going Ahead,,,,,,Motorist turned left across cyclists path.,Driving Properly,Normal,,Yes,Yes,,,,,Yes,,Yes,,,,155,Downsview,26,Downsview-Roding-CFB (26),D31,622659.611878072,4842814.03893523