OBJECTID,INDEX,ACCNUM,DATE,TIME,STREET1,STREET2,OFFSET,ROAD_CLASS,DISTRICT,LATITUDE,LONGITUDE,ACCLOC,TRAFFCTL,VISIBILITY,LIGHT,RDSFCOND,ACCLASS,IMPACTYPE,INVTYPE,INVAGE,INJURY,FATAL_NO,INITDIR,VEHTYPE,MANOEUVER,DRIVACT,DRIVCOND,PEDTYPE,PEDACT,PEDCOND,CYCLISTYPE,CYCACT,CYCCOND,PEDESTRIAN,CYCLIST,AUTOMOBILE,MOTORCYCLE,TRUCK,TRSN_CITY_VEH,EMERG_VEH,PASSENGER,SPEEDING,AG_DRIV,REDLIGHT,ALCOHOL,DISABILITY,HOOD_158,NEIGHBOURHOOD_158,HOOD_140,NEIGHBOURHOOD_140,DIVISION,x,y
1933,81806202,3001266525,6/3/2023 4:00:00 AM,1809,DUNDAS ST E,LOGAN AV,2 m East of,,,43.663932,-79.34383,Intersection Related,Traffic Signal,Clear,Daylight,Dry,Non-Fatal Injury,Cyclist Collisions,Cyclist,25 to 29,Major,,West,Bicycle,Going Ahead,,,,,,,Driving Properly,Normal,,Yes,Yes,,,,,,,,,,,70,South Riverdale,70,South Riverdale (70),D55,633530.32725643,4835879.29741679
1934,81806559,3001303438,6/7/2023 4:00:00 AM,1810,FOREST HILL RD,HEATH ST W,,,,43.688377,-79.404026,Intersection Related,Stop Sign,Clear,Daylight,Dry,Non-Fatal Injury,Cyclist Collisions,Cyclist,20 to 24,Major,,East,Bicycle,Going Ahead,,,,,,,Disobeyed Traffic Control,Normal,,Yes,Yes,,,,,,,,,,,96,Casa Loma,96,Casa Loma (96),D53,628624.676494897,4838499.11924099
1935,81806560,3001303438,6/7/2023 4:00:00 AM,1810,FOREST HILL RD,HEATH ST W,,,,43.688377,-79.404026,Intersection Related,Stop Sign,Clear,Daylight,Dry,Non-Fatal Injury,Cyclist Collisions,Driver,45 to 49,None,,North,"Automobile, Station Wagon",Going Ahead,Driving Properly,Normal,,,,,,,,Yes,Yes,,,,,,,,,,,96,Casa Loma,96,Casa Loma (96),D53,628624.676494897,4838499.11924099
1936,81746506,3001320528,6/9/2023 4:00:00 AM,1736,YONGE ST,GOULD ST,15 m North o,Major Arterial,Toronto and East York,43.657401,-79.381328,Intersection Related,Traffic Signal,Clear,Daylight,Dry,Non-Fatal Injury,Cyclist Collisions,Driver,45 to 49,None,,North,"Bus (Other) (Go Bus, Gray Coa",Overtaking,Improper Passing,Normal,,,,,,,,Yes,,,,Yes,,,,Yes,,,,168,Downtown Yonge East,75,Church-Yonge Corridor (75),D51,630521.133137103,4835094.27221711
1937,81746507,3001320528,6/9/2023 4:00:00 AM,1736,YONGE ST,GOULD ST,15 m North o,Major Arterial,Toronto and East York,43.657401,-79.381328,Intersection Related,Traffic Signal,Clear,Daylight,Dry,Non-Fatal Injury,Cyclist Collisions,Cyclist,35 to 39,Major,,North,Bicycle,Going Ahead,,,,,,"Motorist without ROW drives into path of cyclist at inter, lnwy, dwy-Driver not turn.",Driving Properly,Normal,,Yes,,,,Yes,,,,Yes,,,,168,Downtown Yonge East,75,Church-Yonge Corridor (75),D51,630521.133137103,4835094.27221711
1938,81745858,3001421711,6/20/2023 4:00:00 AM,1922,DANFORTH AV,WOODBINE AV,,Major Arterial,Toronto and East York,43.685595,-79.31274,Intersection Related,Traffic Signal,Clear,"Dark, artificial",Dry,Non-Fatal Injury,Cyclist Collisions,Cyclist,30 to 34,Major,,East,Bicycle,Going Ahead,,,,,,,Driving Properly,Normal,,Yes,Yes,,,,,,,,,,,62,East End-Danforth,62,East End-Danforth (62),D55,635988.076085678,4838335.78164756
1939,81745859,3001421711,6/20/2023 4:00:00 AM,1922,DANFORTH AV,WOODBINE AV,,Major Arterial,Toronto and East York,43.685595,-79.31274,Intersection Related,Traffic Signal,Clear,"Dark, artificial",Dry,Non-Fatal Injury,Cyclist Collisions,Driver,30 to 34,None,,South,Pick Up Truck,Going Ahead,Driving Properly,Normal,,,,,,,,Yes,Yes,,,,,,,,,,,62,East End-Danforth,62,East End-Danforth (62),D55,635988.076085678,4838335.78164756
1940,81739298,3001492927,6/21/2023 4:00:00 AM,2000,QUEEN ST E,BEECH AV,9 m West of,Minor Arterial,Toronto and East York,43.672633,-79.287204,Non Intersection,No Control,Clear,Daylight,Dry,Non-Fatal Injury,Cyclist Collisions,Driver,65 to 69,None,,West,"Automobile, Station Wagon",Parked,Other,Normal,,,,,,,,Yes,Yes,,,,,,,,,,,63,The Beaches,63,The Beaches (63),D55,638075.955164856,4836938.36334812
1941,81739299,3001492927,6/21/2023 4:00:00 AM,2000,QUEEN ST E,BEECH AV,9 m West of,Minor Arterial,Toronto and East York,43.672633,-79.287204,Non Intersection,No Control,Clear,Daylight,Dry,Non-Fatal Injury,Cyclist Collisions,Cyclist,65 to 69,Major,,West,Bicycle,Going Ahead,,,,,,Cyclist struck opened vehicle door,Driving Properly,Normal,,Yes,Yes,,,,,,,,,,,63,The Beaches,63,The Beaches (63),D55,638075.955164856,4836938.36334812
1942,81747578,3001497037,6/28/2023 4:00:00 AM,1705,26 GERRARD ST E,YONGE ST,50 m West of,Minor Arterial,Toronto and East York,43.659205,-79.381557,Non Intersection,No Control,Clear,Daylight,Dry,Non-Fatal Injury,Cyclist Collisions,Cyclist,35 to 39,Major,,East,Bicycle,Going Ahead,,,,,,Cyclist and Driver travelling in same direction. One vehicle sideswipes the other.,Lost control,Normal,,Yes,Yes,,,,,,,,,,,168,Downtown Yonge East,75,Church-Yonge Corridor (75),D51,630498.759451952,4835294.27013012
1943,81747579,3001497037,6/28/2023 4:00:00 AM,1705,26 GERRARD ST E,YONGE ST,50 m West of,Minor Arterial,Toronto and East York,43.659205,-79.381557,Non Intersection,No Control,Clear,Daylight,Dry,Non-Fatal Injury,Cyclist Collisions,Driver,55 to 59,None,,East,Pick Up Truck,Stopped,Driving Properly,Normal,,,,,,,,Yes,Yes,,,,,,,,,,,168,Downtown Yonge East,75,Church-Yonge Corridor (75),D51,630498.759451952,4835294.27013012
1944,81745811,3001543521,7/4/2023 4:00:00 AM,21,ADELAIDE ST W,SPADINA AV,,Major Arterial,North York,43.646742,-79.395534,Intersection Related,Traffic Signal,Clear,"Dark, artificial",Dry,Non-Fatal Injury,Cyclist Collisions,Driver,25 to 29,None,,East,"Automobile, Station Wagon",Going Ahead,Exceeding Speed Limit,Normal,,,,,,,,Yes,Yes,,,,,,Yes,Yes,,,,164,Wellington Place,77,Waterfront Communities-The Island (77),D52,629398.513892768,4833888.20180734
1945,81745812,3001543521,7/4/2023 4:00:00 AM,21,ADELAIDE ST W,SPADINA AV,,Major Arterial,North York,43.646742,-79.395534,Intersection Related,Traffic Signal,Clear,"Dark, artificial",Dry,Non-Fatal Injury,Cyclist Collisions,Cyclist,35 to 39,Major,,South,Bicycle,Going Ahead,,,,,,"Motorist without ROW drives into path of cyclist at inter, lnwy, dwy-Driver not turn.",,Unknown,,Yes,Yes,,,,,,Yes,Yes,,,,164,Wellington Place,77,Waterfront Communities-The Island (77),D52,629398.513892768,4833888.20180734
1946,81747494,3001556354,7/5/2023 4:00:00 AM,1028,WESTON RD,HIGHWAY 401 X W,,Major Arterial ,North York,43.713393,-79.536151,Intersection Related,Traffic Signal,Clear,Daylight,Dry,Non-Fatal Injury,Cyclist Collisions,Driver,50 to 54,None,,West,"Automobile, Station Wagon",Turning Right,Improper Turn,Other,,,,,,,,Yes,Yes,,,,,Yes,,,,,,23,Pelmo Park-Humberlea,23,Pelmo Park-Humberlea (23),D31,617927.154766797,4841081.04004802
1947,81747495,3001556354,7/5/2023 4:00:00 AM,1028,WESTON RD,HIGHWAY 401 X W,,Major Arterial ,North York,43.713393,-79.536151,Intersection Related,Traffic Signal,Clear,Daylight,Dry,Non-Fatal Injury,Cyclist Collisions,Cyclist,20 to 24,Major,,South,Bicycle,Going Ahead,,,,,,Motorist turning right on green or amber at signalized intersection strikes cyclist.,Driving Properly,Normal,,Yes,Yes,,,,,Yes,,,,,,23,Pelmo Park-Humberlea,23,Pelmo Park-Humberlea (23),D31,617927.154766797,4841081.04004802
1948,81747496,3001556354,7/5/2023 4:00:00 AM,1028,WESTON RD,HIGHWAY 401 X W,,Major Arterial ,North York,43.713393,-79.536151,Intersection Related,Traffic Signal,Clear,Daylight,Dry,Non-Fatal Injury,Cyclist Collisions,Passenger,80 to 84,None,,,,,,,,,,,,,,Yes,Yes,,,,,Yes,,,,,,23,Pelmo Park-Humberlea,23,Pelmo Park-Humberlea (23),D31,617927.154766797,4841081.04004802
1949,81746145,3001604371,7/10/2023 4:00:00 AM,1700,SHEPPARD AVE W,RIVALDA RD,40 m East of,Major Arterial,North York,43.734786,-79.533443,Non Intersection,Traffic Signal,Clear,Daylight,Dry,Non-Fatal Injury,Cyclist Collisions,Cyclist,65 to 69,Major,,East,Bicycle,Going Ahead,,,,,,Cyclist strikes a parked vehicle.,Lost control,Normal,,Yes,,,,Yes,,,,,,,,23,Pelmo Park-Humberlea,22,Humbermede (22),D31,618103.267215272,4843460.88991038
1950,81746146,3001604371,7/10/2023 4:00:00 AM,1700,SHEPPARD AVE W,RIVALDA RD,40 m East of,Major Arterial,North York,43.734786,-79.533443,Non Intersection,Traffic Signal,Clear,Daylight,Dry,Non-Fatal Injury,Cyclist Collisions,Driver,35 to 39,None,,East,Municipal Transit Bus (TTC),Stopped,Driving Properly,Normal,,,,,,,,Yes,,,,Yes,,,,,,,,23,Pelmo Park-Humberlea,22,Humbermede (22),D31,618103.267215272,4843460.88991038
1951,81747038,3001622602,7/12/2023 4:00:00 AM,1840,1176 YONGE ST,SCRIVENER SQ,,Major Arterial,Toronto and East York,43.680724,-79.391055,Non Intersection,,Clear,Daylight,Dry,Non-Fatal Injury,Other,Cyclist,30 to 34,Major,,South,Bicycle,Going Ahead,,,,,,Insufficient information (to determine cyclist crash type).,Driving Properly,Normal,,Yes,Yes,,,,,,,Yes,,,,95,Annex,95,Annex (95),D53,629686.551510114,4837669.34938766
1952,81747039,3001622602,7/12/2023 4:00:00 AM,1840,1176 YONGE ST,SCRIVENER SQ,,Major Arterial,Toronto and East York,43.680724,-79.391055,Non Intersection,,Clear,Daylight,Dry,Non-Fatal Injury,Other,Driver,30 to 34,None,,South,"Automobile, Station Wagon",Going Ahead,Following too Close,Normal,,,,,,,,Yes,Yes,,,,,,,Yes,,,,95,Annex,95,Annex (95),D53,629686.551510114,4837669.34938766
1953,81747754,3001681349,7/19/2023 4:00:00 AM,1758,CALEDONIA RD,KEITH AV,2 m North of,Minor Arterial,Toronto and East York,43.690676,-79.461223,Intersection Related,Stop Sign,Clear,Daylight,Dry,Non-Fatal Injury,Cyclist Collisions,Driver,35 to 39,None,,West,"Automobile, Station Wagon",Going Ahead,Failed to Yield Right of Way,Other,,,,,,,,Yes,Yes,,,,,,,Yes,,,,109,Caledonia-Fairbank,109,Caledonia-Fairbank (109),D13,624010.205750373,4838667.32875266
1954,81747755,3001681349,7/19/2023 4:00:00 AM,1758,CALEDONIA RD,KEITH AV,2 m North of,Minor Arterial,Toronto and East York,43.690676,-79.461223,Intersection Related,Stop Sign,Clear,Daylight,Dry,Non-Fatal Injury,Cyclist Collisions,Cyclist,60 to 64,Major,,South,Bicycle,Going Ahead,,,,,,"Motorist without ROW drives into path of cyclist at inter, lnwy, dwy-Driver not turn.",Driving Properly,Normal,,Yes,Yes,,,,,,,Yes,,,,109,Caledonia-Fairbank,109,Caledonia-Fairbank (109),D13,624010.205750373,4838667.32875266
1955,81747334,3001736827,7/26/2023 4:00:00 AM,957,QUEEN'S DR,ARKWRIGHT ST,,Local,North York,43.709563,-79.496211,Intersection Related,Stop Sign,Clear,Daylight,Dry,Non-Fatal Injury,Cyclist Collisions,Cyclist,50 to 54,Major,,North,Bicycle,Turning Left,,,,,,Cyclist turned left across motorists path.,Disobeyed Traffic Control,Normal,,Yes,,,,,,,,Yes,,,,28,Rustic,28,Rustic (28),D12,621152.449322022,4840713.26151261
1956,81747335,3001736827,7/26/2023 4:00:00 AM,957,QUEEN'S DR,ARKWRIGHT ST,,Local,North York,43.709563,-79.496211,Intersection Related,Stop Sign,Clear,Daylight,Dry,Non-Fatal Injury,Cyclist Collisions,Cyclist,30 to 34,None,,East,Bicycle,Going Ahead,,,,,,,Driving Properly,Normal,,Yes,,,,,,,,Yes,,,,28,Rustic,28,Rustic (28),D12,621152.449322022,4840713.26151261
1957,81750145,3001762588,7/29/2023 4:00:00 AM,954,LESLIE ST,LAKE SHORE BLVD E,,Minor Arterial,Toronto and East York,43.658988,-79.328265,Non Intersection,,Rain,Daylight,Wet,Non-Fatal Injury,Rear End,Cyclist,15 to 19,Major,,South,Bicycle,Going Ahead,,,,,,Cyclist and Driver travelling in same direction. One vehicle rear-ended the other.,Lost control,Normal,,Yes,,,Yes,,,,,,,,,70,South Riverdale,70,South Riverdale (70),D55,634796.348965495,4835355.36992873
1958,81750146,3001762588,7/29/2023 4:00:00 AM,954,LESLIE ST,LAKE SHORE BLVD E,,Minor Arterial,Toronto and East York,43.658988,-79.328265,Non Intersection,,Rain,Daylight,Wet,Non-Fatal Injury,Rear End,Truck Driver,unknown,None,,South,Truck - Dump,Going Ahead,Driving Properly,Normal,,,,,,,,Yes,,,Yes,,,,,,,,,70,South Riverdale,70,South Riverdale (70),D55,634796.348965495,4835355.36992873
1959,81748687,3001857549,8/9/2023 4:00:00 AM,2039,BLOOR ST W,ST GEORGE ST,55 m South o,Minor Arterial,,43.667041,-79.399646,Non Intersection,Traffic Signal,Clear,Dark,Dry,Non-Fatal Injury,Cyclist Collisions,Driver,40 to 44,None,,North,"Automobile, Station Wagon",Stopped,Driving Properly,Normal,,,,,,,,Yes,Yes,,,,,Yes,,,,,,79,University,79,University (79),D52,629023.399562836,4836136.27012921
1960,81748688,3001857549,8/9/2023 4:00:00 AM,2039,BLOOR ST W,ST GEORGE ST,55 m South o,Minor Arterial,,43.667041,-79.399646,Non Intersection,Traffic Signal,Clear,Dark,Dry,Non-Fatal Injury,Cyclist Collisions,Cyclist,20 to 24,Major,,North,Bicycle,Going Ahead,,,,,,Insufficient information (to determine cyclist crash type).,Driving Properly,Normal,,Yes,Yes,,,,,Yes,,,,,,79,University,79,University (79),D52,629023.399562836,4836136.27012921
1961,81748689,3001857549,8/9/2023 4:00:00 AM,2039,BLOOR ST W,ST GEORGE ST,55 m South o,Minor Arterial,,43.667041,-79.399646,Non Intersection,Traffic Signal,Clear,Dark,Dry,Non-Fatal Injury,Cyclist Collisions,Passenger,20 to 24,None,,,,,,,,,,,,,,Yes,Yes,,,,,Yes,,,,,,79,University,79,University (79),D52,629023.399562836,4836136.27012921
1962,81748720,3001871981,8/11/2023 4:00:00 AM,1555,DUNDAS ST W,LANSDOWNE AV,,Minor Arterial,North York,43.650172,-79.4397,Intersection Related,Traffic Signal,Clear,Daylight,Dry,Non-Fatal Injury,Cyclist Collisions,Cyclist,15 to 19,Major,,South,Bicycle,Going Ahead,,,,,,Cyclist turned left across motorists path.,Improper Turn,Other,,Yes,Yes,,,,,,,Yes,Yes,,,83,Dufferin Grove,83,Dufferin Grove (83),D11,625829.374365493,4834201.23168247
1963,81748721,3001871981,8/11/2023 4:00:00 AM,1555,DUNDAS ST W,LANSDOWNE AV,,Minor Arterial,North York,43.650172,-79.4397,Intersection Related,Traffic Signal,Clear,Daylight,Dry,Non-Fatal Injury,Cyclist Collisions,Driver,35 to 39,None,,West,"Automobile, Station Wagon",Going Ahead,Disobeyed Traffic Control,Other,,,,,,,,Yes,Yes,,,,,,,Yes,Yes,,,83,Dufferin Grove,83,Dufferin Grove (83),D11,625829.374365493,4834201.23168247
1964,81750000,3001971666,8/24/2023 4:00:00 AM,9,QUEEN ST W,DUFFERIN ST,67 m East of,Major Arterial,Toronto and East York,43.642405,-79.427814,Non Intersection,No Control,Clear,"Dark, artificial",Dry,Non-Fatal Injury,Cyclist Collisions,Driver,20 to 24,None,,West,"Automobile, Station Wagon",Stopped,Other,Normal,,,,,,,,Yes,Yes,,,,,,,,,,,84,Little Portugal,84,Little Portugal (84),D14,626804.26389152,4833356.69716942
1965,81750001,3001971666,8/24/2023 4:00:00 AM,9,QUEEN ST W,DUFFERIN ST,67 m East of,Major Arterial,Toronto and East York,43.642405,-79.427814,Non Intersection,No Control,Clear,"Dark, artificial",Dry,Non-Fatal Injury,Cyclist Collisions,Cyclist,30 to 34,Major,,West,Bicycle,Going Ahead,,,,,,Cyclist struck opened vehicle door,Driving Properly,Normal,,Yes,Yes,,,,,,,,,,,84,Little Portugal,84,Little Portugal (84),D14,626804.26389152,4833356.69716942
1966,81749829,3001982879,8/25/2023 4:00:00 AM,1144,ROYAL YORK RD,CAVELL AVE,45 m North o,Minor Arterial,Etobicoke York,43.615023,-79.497913,Non Intersection,No Control,Clear,Daylight,Dry,Non-Fatal Injury,Cyclist Collisions,Driver,55 to 59,None,,North,"Automobile, Station Wagon",Stopped,Driving Properly,Normal,,,,,,,,Yes,Yes,,,,,Yes,,,,,,160,Mimico-Queensway,17,Mimico (includes Humber Bay Shores) (17),D22,621205.418050271,4830210.87625514
1967,81749830,3001982879,8/25/2023 4:00:00 AM,1144,ROYAL YORK RD,CAVELL AVE,45 m North o,Minor Arterial,Etobicoke York,43.615023,-79.497913,Non Intersection,No Control,Clear,Daylight,Dry,Non-Fatal Injury,Cyclist Collisions,Cyclist,55 to 59,Major,,North,Bicycle,Going Ahead,,,,,,Cyclist struck opened vehicle door,Driving Properly,Normal,,Yes,Yes,,,,,Yes,,,,,,160,Mimico-Queensway,17,Mimico (includes Humber Bay Shores) (17),D22,621205.418050271,4830210.87625514
1968,81749831,3001982879,8/25/2023 4:00:00 AM,1144,ROYAL YORK RD,CAVELL AVE,45 m North o,Minor Arterial,Etobicoke York,43.615023,-79.497913,Non Intersection,No Control,Clear,Daylight,Dry,Non-Fatal Injury,Cyclist Collisions,Passenger,50 to 54,None,,,,,,,,,,,,,,Yes,Yes,,,,,Yes,,,,,,160,Mimico-Queensway,17,Mimico (includes Humber Bay Shores) (17),D22,621205.418050271,4830210.87625514
1969,81753491,3001986496,8/25/2023 4:00:00 AM,1920,LOWER SIMCOE ST,STATION ST,10 m South o,Collector,Toronto and East York,43.644286,-79.384776,Non Intersection,Stop Sign,Clear,Daylight,Dry,Non-Fatal Injury,Sideswipe,Driver,20 to 24,None,,South,"Automobile, Station Wagon",Changing Lanes,Improper Lane Change,Normal,,,,,,,,Yes,Yes,,,,,,,,,,,165,Harbourfront-CityPlace,77,Waterfront Communities-The Island (77),D52,630271.453341158,4833632.2613363
1970,81753492,3001986496,8/25/2023 4:00:00 AM,1920,LOWER SIMCOE ST,STATION ST,10 m South o,Collector,Toronto and East York,43.644286,-79.384776,Non Intersection,Stop Sign,Clear,Daylight,Dry,Non-Fatal Injury,Sideswipe,Cyclist,40 to 44,Major,,South,Bicycle,Going Ahead,,,,,,Cyclist and Driver travelling in same direction. One vehicle sideswipes the other.,Driving Properly,Normal,,Yes,Yes,,,,,,,,,,,165,Harbourfront-CityPlace,77,Waterfront Communities-The Island (77),D52,630271.453341158,4833632.2613363
1971,81749458,3001989785,8/25/2023 4:00:00 AM,1947,DUNDAS ST E,RIVER ST,34 m East of,Major Arterial,Toronto and East York,43.661303,-79.357723,Non Intersection,No Control,Clear,Daylight,Dry,Non-Fatal Injury,Cyclist Collisions,Motorcycle Driver,unknown,None,,East,Motorcycle,Overtaking,Improper Passing,Unknown,,,,,,,,Yes,,Yes,,,,,,Yes,,,,72,Regent Park,72,Regent Park (72),D51,632415.958001221,4835565.04428356
1972,81749459,3001989785,8/25/2023 4:00:00 AM,1947,DUNDAS ST E,RIVER ST,34 m East of,Major Arterial,Toronto and East York,43.661303,-79.357723,Non Intersection,No Control,Clear,Daylight,Dry,Non-Fatal Injury,Cyclist Collisions,Cyclist,50 to 54,Major,,East,Bicycle,Going Ahead,,,,,,"Motorist without ROW drives into path of cyclist at inter, lnwy, dwy-Driver not turn.",Driving Properly,Normal,,Yes,,Yes,,,,,,Yes,,,,72,Regent Park,72,Regent Park (72),D51,632415.958001221,4835565.04428356
1973,81750482,3002072686,9/5/2023 4:00:00 AM,1124,LESLIE ST,PEACH WILLOWAY,7 m North of,Major Arterial,North York,43.779277,-79.365497,At/Near Private Drive,No Control,Clear,Daylight,Dry,Non-Fatal Injury,Cyclist Collisions,Cyclist,60 to 64,Major,,South,Bicycle,Going Ahead,,,,,,"Motorist without ROW drives into path of cyclist at inter, lnwy, dwy-Driver not turn.",Other,Normal,,Yes,Yes,,,,,,,Yes,,,,47,Don Valley Village,47,Don Valley Village (47),D33,631530.728808112,4848655.37913243
1974,81750483,3002072686,9/5/2023 4:00:00 AM,1124,LESLIE ST,PEACH WILLOWAY,7 m North of,Major Arterial,North York,43.779277,-79.365497,At/Near Private Drive,No Control,Clear,Daylight,Dry,Non-Fatal Injury,Cyclist Collisions,Driver,60 to 64,None,,West,Delivery Van,Going Ahead,Failed to Yield Right of Way,Normal,,,,,,,,Yes,Yes,,,,,,,Yes,,,,47,Don Valley Village,47,Don Valley Village (47),D33,631530.728808112,4848655.37913243
1975,81771903,3002109887,9/9/2023 4:00:00 AM,1525,ELLESMERE RD,DALECLIFF CRES,,Major Arterial,Scarborough,43.760798,-79.302425,Intersection Related,Stop Sign,Clear,Daylight,Dry,Non-Fatal Injury,Cyclist Collisions,Cyclist,75 to 79,Major,,West,Bicycle,Going Ahead,,,,,,"Cyclist without ROW rides into path of motorist at inter, lnwy, dwy-Cyclist not turn.",Failed to Yield Right of Way,Normal,,Yes,Yes,,,,,,,,,,,119,Wexford/Maryvale,119,Wexford/Maryvale (119),D41,636648.35056689,4846705.14140516
1976,81771904,3002109887,9/9/2023 4:00:00 AM,1525,ELLESMERE RD,DALECLIFF CRES,,Major Arterial,Scarborough,43.760798,-79.302425,Intersection Related,Stop Sign,Clear,Daylight,Dry,Non-Fatal Injury,Cyclist Collisions,Driver,60 to 64,None,,North,"Automobile, Station Wagon",Turning Right,Driving Properly,Normal,,,,,,,,Yes,Yes,,,,,,,,,,,119,Wexford/Maryvale,119,Wexford/Maryvale (119),D41,636648.35056689,4846705.14140516
1977,81750065,3002174448,9/17/2023 4:00:00 AM,1250,BREMNER BV,VAN DE WATER CR,,Minor Arterial,Toronto and East York,43.640418,-79.388896,Intersection Related,Traffic Signal,Clear,Daylight,Dry,Non-Fatal Injury,Pedestrian Collisions,Cyclist,25 to 29,None,,West,Bicycle,Going Ahead,,,,,,Cyclist strikes pedestrian.,Disobeyed Traffic Control,,Yes,Yes,,,,,,,,,,,,165,Harbourfront-CityPlace,77,Waterfront Communities-The Island (77),D52,629947.501613014,4833196.21105248
1978,81750066,3002174448,9/17/2023 4:00:00 AM,1250,BREMNER BV,VAN DE WATER CR,,Minor Arterial,Toronto and East York,43.640418,-79.388896,Intersection Related,Traffic Signal,Clear,Daylight,Dry,Non-Fatal Injury,Pedestrian Collisions,Pedestrian,25 to 29,Major,,,,,,,Other / Undefined,Other,Normal,,,,Yes,Yes,,,,,,,,,,,,165,Harbourfront-CityPlace,77,Waterfront Communities-The Island (77),D52,629947.501613014,4833196.21105248
1979,81752577,3002185414,9/18/2023 4:00:00 AM,1907,CARLAW AVE,DUNDAS ST E,,Minor Arterial,Toronto and East York,43.664855,-79.341571,Intersection Related,Traffic Signal,Clear,"Daylight, artificial",Dry,Non-Fatal Injury,Cyclist Collisions,Driver,55 to 59,None,,West,"Automobile, Station Wagon",Turning Right,Improper Turn,Normal,,,,,,,,Yes,Yes,,,,,,,,,,,70,South Riverdale,70,South Riverdale (70),D55,633710.414153637,4835985.44742957
1980,81752578,3002185414,9/18/2023 4:00:00 AM,1907,CARLAW AVE,DUNDAS ST E,,Minor Arterial,Toronto and East York,43.664855,-79.341571,Intersection Related,Traffic Signal,Clear,"Daylight, artificial",Dry,Non-Fatal Injury,Cyclist Collisions,Cyclist,55 to 59,Major,,South,Bicycle,Going Ahead,,,,,,Motorist turning right on green or amber at signalized intersection strikes cyclist.,Driving Properly,Normal,,Yes,Yes,,,,,,,,,,,70,South Riverdale,70,South Riverdale (70),D55,633710.414153637,4835985.44742957
1981,81752132,3002302313,10/3/2023 4:00:00 AM,1007,PARK RD,CHURCH ST,5 m West of,Major Arterial,Toronto and East York,43.671698,-79.385188,Intersection Related,Traffic Signal,Clear,Daylight,Dry,Non-Fatal Injury,Cyclist Collisions,Truck Driver,40 to 44,None,,South,Truck - Dump,Turning Right,Improper Turn,Normal,,,,,,,,Yes,,,Yes,,,,,,,,,98,Rosedale-Moore Park,98,Rosedale-Moore Park (98),D53,630178.973192851,4836676.08032921
1982,81752133,3002302313,10/3/2023 4:00:00 AM,1007,PARK RD,CHURCH ST,5 m West of,Major Arterial,Toronto and East York,43.671698,-79.385188,Intersection Related,Traffic Signal,Clear,Daylight,Dry,Non-Fatal Injury,Cyclist Collisions,Cyclist,25 to 29,Major,,South,Bicycle,Going Ahead,,,,,,Motorist turning right on green or amber at signalized intersection strikes cyclist.,Driving Properly,Unknown,,Yes,,,Yes,,,,,,,,,98,Rosedale-Moore Park,98,Rosedale-Moore Park (98),D53,630178.973192851,4836676.08032921
1983,81754097,3002862083,11/18/2023 5:00:00 AM,1700,DIXON RD,KIPLING AV,,Major Arterial,Etobicoke York,43.694258,-79.558612,Intersection Related,Traffic Signal,Clear,Daylight,Dry,Non-Fatal Injury,Cyclist Collisions,Driver,unknown,None,,North,"Automobile, Station Wagon",Turning Right,,Unknown,,,,,,,,Yes,Yes,,,,,,,,,,,6,Kingsview Village-The Westway,6,Kingsview Village-The Westway (6),D23,616154.638797166,4838924.12819172
1984,81754098,3002862083,11/18/2023 5:00:00 AM,1700,DIXON RD,KIPLING AV,,Major Arterial,Etobicoke York,43.694258,-79.558612,Intersection Related,Traffic Signal,Clear,Daylight,Dry,Non-Fatal Injury,Cyclist Collisions,Cyclist,30 to 34,Major,,East,Bicycle,Going Ahead,,,,,,Motorist turning right on red at signalized intersection strikes cyclist.,Driving Properly,Normal,,Yes,Yes,,,,,,,,,,,6,Kingsview Village-The Westway,6,Kingsview Village-The Westway (6),D23,616154.638797166,4838924.12819172
1985,81796697,3002931169,12/22/2023 5:00:00 AM,1400,FRONT ST E,MARKET STREET,1 m North of,,,43.649455,-79.371433,Non Intersection,,Clear,Daylight,Dry,Non-Fatal Injury,Cyclist Collisions,Driver,60 to 64,None,,East,Pick Up Truck,Going Ahead,Driving Properly,Normal,,,,,,,,Yes,Yes,,,,,,,,,,,166,St Lawrence-East Bayfront-The Islands,73,Moss Park (73),D51,631336.342251488,4834227.37705132
1986,81796698,3002931169,12/22/2023 5:00:00 AM,1400,FRONT ST E,MARKET STREET,1 m North of,,,43.649455,-79.371433,Non Intersection,,Clear,Daylight,Dry,Non-Fatal Injury,Cyclist Collisions,Cyclist,80 to 84,Major,,North,Bicycle,Going Ahead,,,,,,,Failed to Yield Right of Way,Normal,,Yes,Yes,,,,,,,,,,,166,St Lawrence-East Bayfront-The Islands,73,Moss Park (73),D51,631336.342251488,4834227.37705132